ProteinId,target
P41182,0
P56524,0
Q9UQL6,0
Q8WUI4,0
Q09472,0
Q92793,0
Q92831,0
Q9Y6Q9,0
O95347,0
Q15003,0
Q15021,0
Q9BPX3,0
Q9NTJ3,0
Q92902,0
Q9NQG7,0
Q86YV9,0
Q969F9,0
Q9UPZ3,0
Q92903,0
Q96NY9,0
O15379,1
O60907,0
O75376,0
Q13227,0
Q92828,0
Q9BZK7,0
O95295,0
P78537,0
Q6QNY0,0
Q6QNY1,0
Q8TDH9,0
Q96EV8,0
Q9NUP1,0
Q9UL45,0
O15143,0
O15144,0
O15145,0
O15511,0
P59998,0
P61158,0
P61160,0
P61289,0
Q06323,0
Q9UL46,0
O00231,0
O00232,0
O00233,0
O00487,0
O43242,0
O75832,0
P17980,0
P35998,0
P43686,0
P48556,0
P51665,0
P55036,0
P62191,0
P62195,0
P62333,0
Q13200,0
Q15008,0
Q16401,0
Q99460,0
Q9UNM6,0
O43747,0
O75843,0
P56377,0
P61966,0
Q10567,0
Q96PC3,0
Q9BXS5,0
Q9Y6Q5,0
O60264,0
O95239,0
Q13547,1
Q96ST3,0
Q9UBC3,0
P20339,0
Q15276,0
Q9UJ41,0
P27361,1
P28482,1
Q9Y618,0
O00203,0
O14617,0
P53677,0
P59780,0
Q13367,0
Q92572,0
Q9Y2T2,0
O94776,0
O95983,0
Q09028,0
Q14839,0
Q16576,0
Q92769,1
Q9UBB5,0
O60244,0
O75448,0
P10827,0
Q15648,0
Q71SY5,0
Q93074,0
Q9NVC6,0
Q9Y2W1,0
Q9Y2X0,0
O00189,0
Q9UPM8,0
Q9Y587,0
Q9Y6B7,0
O15315,0
O43502,0
O43543,0
O75771,0
P49959,0
Q92878,0
P48995,0
Q14573,0
Q9NSC5,0
P62877,0
P63208,0
Q14999,0
Q8N3Y1,0
O14497,0
P51532,0
P60709,0
Q12824,0
Q86X55,0
Q8TAQ2,0
Q92922,0
Q969G3,0
Q96GM5,0
Q96KG9,0
P52948,0
P55735,0
P57740,0
Q12769,0
Q8NFH3,0
Q8NFH4,0
Q8WUM0,0
Q96EE3,0
Q9BW27,0
O15287,0
O15360,0
Q00597,0
Q9NPI8,0
P10747,1
P19338,0
P30260,0
Q13042,0
Q9H1A4,0
Q9UJX2,0
Q9UJX3,0
Q9UJX4,0
Q9UJX5,0
Q9UJX6,0
P12956,0
P13010,0
Q9BXJ9,0
Q9UM13,0
P04637,1
Q00987,0
P28370,0
Q12830,0
O15514,0
P13984,0
P18074,0
P19387,0
P19388,0
P19447,0
P20226,0
P24928,1
P29083,0
P29084,0
P30876,0
P32780,0
P35269,0
P36954,0
P52434,0
P52435,0
P53803,0
P61218,0
P62487,0
P62875,0
Q00403,0
Q13888,0
Q13889,0
Q92759,0
P50613,1
P51946,0
P51948,0
O15212,0
O60925,0
P61758,0
Q99471,0
Q9NQP4,0
Q9UHV9,0
O75971,0
Q13487,0
Q16533,0
Q5SXM2,0
Q92966,0
O00257,0
P0DMV8,0
P35226,0
P78364,0
Q06587,0
Q14781,0
Q8IXK0,0
Q8NDX5,0
Q96GD3,0
Q99496,0
Q9HC52,0
P25490,0
P50148,0
P60033,0
P62873,0
Q9Y653,0
P37287,0
Q14442,0
Q92535,0
Q9BRB3,0
P01374,1
P36941,1
Q06643,0
O75817,0
O75818,0
O95059,0
O95707,0
P78345,0
P78346,0
Q969H6,0
Q99575,0
Q9BUL9,0
Q9H633,0
P17987,0
P40227,0
P48643,0
P49368,0
P50990,0
P50991,0
P78371,0
Q99832,0
O14777,0
Q8NBT2,0
Q9BZD4,0
Q9HBM1,0
P42575,0
P78560,0
Q9HB75,0
P54274,0
Q15554,0
Q96AP0,0
Q9BSI4,0
Q9NUX5,0
Q9NYB0,0
P25791,0
Q02577,0
Q86U70,0
Q9BXY8,0
P35613,1
P49768,0
Q92542,0
Q96BI3,0
Q9NZ42,0
O00213,0
P05067,1
Q07954,1
Q63HQ0,0
O96019,0
Q68CP9,0
Q86U86,0
O00268,0
P21675,0
P49848,0
Q12962,0
Q15542,0
Q15544,0
Q16594,0
Q6P1X5,0
P57678,0
Q86TM6,0
Q9BUN8,0
P09874,1
P18887,0
P42695,0
Q6IBW4,0
Q86XI2,0
P83436,0
Q14746,0
Q8WTW3,0
Q96JB2,0
Q96MW5,0
Q9H9E3,0
Q9UP83,0
Q9Y2V7,0
O60216,0
Q14683,0
Q8WVM7,0
Q9UQE7,0
Q8N3U4,0
O14964,0
O75886,0
P42566,0
Q92783,0
O60934,0
O00217,0
O00483,0
O14561,0
O15239,0
O43181,0
O43674,0
O43676,0
O43677,0
O43678,0
O43920,0
O75251,0
O75306,0
O75380,0
O75438,0
O75489,0
O95139,0
O95167,0
O95168,0
O95169,0
O95178,0
O95182,0
O95298,0
O95299,0
O96000,0
P03886,0
P03891,0
P03897,0
P03901,0
P03915,0
P03923,0
P17568,0
P19404,0
P28331,0
P49821,0
P51970,0
P56181,0
P56556,0
Q16718,0
Q16795,0
Q86Y39,0
Q9NX14,0
Q9P0J0,0
Q9UI09,0
Q9Y6M9,0
P62136,0
Q96QC0,0
O14818,0
P20618,0
P25786,0
P25787,0
P25788,0
P25789,0
P28066,0
P28070,0
P28072,0
P28074,0
P49720,0
P49721,0
P60900,0
Q99436,0
Q7L576,0
Q8IZP0,0
Q8WUW1,0
Q9Y2A7,0
Q9Y6W5,0
O94805,0
P51531,0
P63261,0
Q8NFD5,0
O43684,0
O60566,0
Q12834,0
Q13257,0
P38398,0
Q99728,0
P40337,0
Q13617,0
Q15369,0
Q15370,0
Q93034,0
Q96Q27,0
Q9UBF6,0
Q9Y576,0
Q9NWX5,0
Q9H672,0
Q8WXK4,0
P49917,0
Q9Y6I7,0
O43513,0
O95402,0
Q6P2C8,0
Q9ULK4,0
Q13616,0
Q86VP6,0
P06748,0
Q7Z6Z7,0
Q8N726,0
Q13618,0
Q13619,0
Q13620,0
Q13309,0
Q9Y297,0
O75586,0
P24863,0
P49336,0
Q13503,0
Q9Y3C7,0
Q9BTT4,0
A0JLT2,0
Q15528,0
Q71F56,0
Q96G25,0
Q96HR3,0
Q96RN5,0
Q9BUE0,0
Q9BWU1,0
Q9H204,0
Q9H944,0
Q9NPJ6,0
Q9NWA0,0
Q9NX70,0
Q9P086,0
Q9UHV7,0
Q9UKU7,0
Q9NRF9,0
Q9NRG0,0
Q9NRL2,0
Q9UIG0,0
Q92925,0
Q99708,0
Q9GZX5,0
Q9BX63,0
P06493,1
P14635,0
Q15311,0
P15927,0
P27694,0
P35244,0
P40692,0
P54132,0
Q13472,0
Q9H9A7,0
Q9HB96,0
Q9NW38,0
Q0VG06,0
Q8NB91,0
O95782,0
P49757,0
Q9Y6I3,0
Q9BWT6,0
Q9P2W1,0
O43542,0
Q13535,1
Q8WXE1,0
O75943,0
P35249,0
P35250,0
P40937,0
P40938,0
O60671,0
O60921,0
Q99638,0
P35251,0
P04406,0
P09429,1
P11142,1
P26583,0
P30101,0
Q12873,0
Q13330,0
O00422,0
O75446,0
P12004,0
P54277,0
P43246,0
P52701,0
P54278,0
P27695,1
P40763,0
Q16665,0
Q99966,0
Q14653,0
P15923,0
Q53TQ3,0
Q6P4R8,0
Q6PI98,0
Q8NBZ0,0
Q96EZ8,0
Q9C086,0
Q9H981,0
Q9H9F9,0
Q9ULG1,0
Q9Y230,0
Q9Y265,0
O43257,0
O95619,0
P0C0S5,0
Q15906,0
Q6ZRS2,0
Q96CJ1,0
Q9GZN1,0
P08708,0
P08865,0
P15880,0
P22090,0
P23396,0
P25398,0
P39019,0
P42677,0
P46781,0
P46782,0
P46783,0
P60866,0
P61247,0
P62081,0
P62241,0
P62244,0
P62249,0
P62263,0
P62266,0
P62269,0
P62273,0
P62277,0
P62280,0
P62701,0
P62753,0
P62841,0
P62847,0
P62851,0
P62854,0
P62857,0
P62861,0
P62979,0
P63220,0
P05386,0
P05387,0
P05388,0
P18077,0
P18124,0
P18621,0
P26373,0
P27635,0
P30050,0
P32969,0
P35268,0
P36578,0
P39023,0
P40429,0
P42766,0
P46776,0
P46777,0
P46778,0
P46779,0
P47914,0
P49207,0
P50914,0
P61254,0
P61313,0
P61353,0
P61513,0
P61927,0
P62424,0
P62750,0
P62829,0
P62888,0
P62891,0
P62899,0
P62906,0
P62910,0
P62913,0
P62917,0
P62945,0
P62987,0
P63173,0
P83731,0
P83881,0
P84098,0
Q02543,0
Q02878,0
Q07020,0
Q9Y3U8,0
O95067,0
P24385,1
P38936,0
P24941,1
P11802,1
P30281,0
Q00535,1
O15235,0
O60783,0
P51398,0
P82650,0
P82663,0
P82664,0
P82673,0
P82675,0
P82909,0
P82912,0
P82914,0
P82921,0
P82930,0
P82932,0
P82933,0
Q92552,0
Q92665,0
Q96EL2,0
Q9BYN8,0
Q9NP92,0
Q9NVS2,0
Q9Y291,0
Q9Y2Q9,0
Q9Y2R5,0
Q9Y2R9,0
Q9Y399,0
Q9Y3D3,0
Q9Y3D5,0
Q9Y3D9,0
Q9Y676,0
O75394,0
P09001,0
P49406,0
P52815,0
P83111,0
Q13084,0
Q13405,0
Q16540,0
Q4U2R6,0
Q5T653,0
Q6P161,0
Q6P1L8,0
Q7Z2W9,0
Q7Z7F7,0
Q7Z7H8,0
Q86TS9,0
Q8IXM3,0
Q8N5N7,0
Q8N983,0
Q8TCC3,0
Q96A35,0
Q96DV4,0
Q96EL3,0
Q96GC5,0
Q9BQ48,0
Q9BRJ2,0
Q9BYC8,0
Q9BYC9,0
Q9BYD1,0
Q9BYD2,0
Q9BYD3,0
Q9BYD6,0
Q9BZE1,0
Q9H0U6,0
Q9H2W6,0
Q9H9J2,0
Q9HD33,0
Q9NQ50,0
Q9NRX2,0
Q9NWU5,0
Q9NX20,0
Q9NYK5,0
Q9NZE8,0
Q9P015,0
Q9P0J6,0
Q9P0M9,0
Q9Y3B7,0
Q9Y6G3,0
P78527,1
P23246,0
P43243,0
Q15233,0
Q09666,0
Q13426,0
Q13326,0
Q14714,0
Q16585,0
Q16586,0
Q92629,0
Q96T60,0
Q9H9Q4,0
Q96SD1,0
P06746,0
P49916,0
P07992,0
Q92889,0
Q5XPI4,0
Q9BSL1,0
P25205,0
P33991,0
P33992,0
P33993,0
P49736,0
Q14566,0
Q9UKT8,0
Q16531,0
P53597,0
Q96I99,0
Q9P2R7,0
O75874,1
P33402,0
Q02153,0
Q02108,0
Q9UQ84,0
P49354,0
P49356,0
P56539,0
Q14118,0
O15457,0
O43196,0
Q16819,0
Q16820,0
O96007,0
O96033,0
Q8NEB9,0
Q99570,0
O43143,0
O75533,0
P14678,0
P62304,0
P62306,0
P62308,0
P62314,0
P62316,0
P62318,0
P67809,0
Q13435,0
Q15393,0
Q15427,0
Q15696,0
Q16560,0
Q6IEG0,0
Q6P2Q9,0
Q8N8D1,0
Q8TBF4,0
Q96LT9,0
Q9BV90,0
Q9BWJ5,0
Q9UDW3,0
Q9Y3B4,0
P29475,0
Q9UNE7,0
Q13315,0
O75486,0
O75528,0
O75529,0
Q92830,0
Q9Y4A5,0
P03372,1
O14867,0
O15198,0
O95452,0
P50539,0
Q13118,0
Q15582,0
P82279,0
Q8N3R9,0
Q8NI35,0
Q96JB8,0
O15265,0
Q15545,0
Q16514,0
Q9Y6J9,0
Q15543,0
P49810,0
Q8WW43,0
O75478,0
P07237,0
P13674,0
Q7Z4N8,0
O94864,0
Q96BN2,0
Q92750,0
O43516,0
P19105,0
P35579,0
P42768,0
P60660,0
P62736,0
P52655,0
P52657,0
Q5VWG9,0
P04628,0
P34925,0
P56704,0
O14640,0
Q92804,0
Q9HBM6,0
P13861,0
P24588,0
Q08209,1
P17612,0
Q02952,0
Q08499,1
P31323,0
Q92667,0
Q99417,0
P51787,0
Q99996,0
P12830,0
P35222,0
P98161,0
Q14254,0
Q92993,0
Q13507,0
Q9UBN4,0
Q15014,0
Q96L91,0
Q9H0E9,0
Q9H2F5,0
Q9HAF1,0
Q9NPF5,0
Q9NV56,0
Q9NXR8,0
Q9UBU8,0
P23025,0
O00566,0
Q96G21,0
Q9NV31,0
Q9HCX4,0
P05019,1
P17936,0
P35858,0
P11473,1
P28702,0
P29474,0
Q03135,0
Q8IVI9,0
P04053,0
P62805,0
P68431,0
Q16777,0
Q16778,0
Q5QJE6,0
P01574,1
P17181,1
P48551,0
P61586,0
Q14643,0
P29992,0
Q96QT4,0
Q9BX84,0
P26196,0
Q6P2E9,0
Q8IU60,0
Q96F86,0
Q9NPI6,0
O15116,0
P62310,0
P62312,0
Q9UK45,0
Q9Y333,0
Q9Y4Y9,0
Q9Y4Z0,0
O95777,0
O75947,0
O75964,0
P00846,0
P03928,0
P05496,0
P06576,0
P18859,0
P24539,0
P25705,0
P30049,0
P36542,0
P48047,0
P56134,0
P56381,0
P56385,0
Q9UII2,0
P19838,0
P41279,1
Q8NFZ5,0
Q14192,0
Q9H2X6,0
Q9BTC8,0
Q4LE39,0
Q9H0E3,0
Q9H7L9,0
Q8N608,0
Q9NZV8,0
O14925,0
O43615,0
Q99595,0
Q7Z3B3,0
Q8N5Y2,0
Q9H7Z6,0
Q9HCI7,0
P0CG13,0
Q8WVB6,0
Q9BVC3,0
O60341,1
O14936,0
Q02410,0
Q9NUP9,0
O75362,0
Q96BD5,0
Q9P0W2,0
Q9UKL0,0
P62072,0
Q9Y5J7,0
P0DMV9,0
Q13363,0
Q92766,0
Q96EK2,0
Q9NP66,0
Q9P2K3,0
Q9UBW7,0
P62380,0
O14965,1
O75410,0
Q14008,0
P78347,0
Q14202,0
Q14687,0
O00116,0
O15228,0
Q96S59,0
Q99549,0
Q9NWU2,0
Q9UL63,0
O95807,0
O60315,0
P37275,0
P56545,0
Q92618,0
Q96JN0,0
Q96KQ7,0
Q9H9B1,0
Q9Y232,0
Q07666,0
Q96KQ4,0
Q86YP4,0
Q00613,0
Q03933,0
O75436,0
Q96QK1,0
Q9UBQ0,0
O60749,0
Q13596,0
O00470,0
P31269,0
P40425,0
P07550,1
Q12791,1
Q14691,0
Q9BRT9,0
Q9BRX5,0
Q9Y248,0
P43487,0
P49961,0
O14745,0
P13569,1
P15311,0
P28360,0
P55771,0
Q8WXI9,0
Q8TEE9,0
O75182,0
Q9HCU9,0
P41227,0
O43264,0
Q6NUQ1,0
Q9NZ43,0
P60880,1
Q86Y82,0
P63027,1
O14744,1
Q6STE5,0
P17947,0
P06400,0
Q9Y605,0
O43707,0
O95425,0
P05107,1
P08238,0
P23467,1
P42356,0
Q13368,0
Q16787,0
Q99572,1
P61201,0
Q13098,0
Q7L5N1,0
Q92466,0
Q92905,0
Q99627,0
Q9BT78,0
Q9UBW8,0
Q9UNS2,0
Q13216,0
Q5XUX0,0
O00161,0
P23763,0
Q12846,0
P51809,0
Q9UK53,0
O15234,0
P38919,0
P61326,0
Q9Y5S9,0
O00303,0
O15371,0
O15372,0
O75821,0
O75822,0
P55884,0
P60228,0
Q13347,0
Q14152,0
Q99613,0
Q9UBQ5,0
Q9Y262,0
P49715,0
Q9UBC0,0
O43318,0
Q9Y4K3,0
P51608,0
O43556,0
P46939,1
Q9BZI7,0
Q9BRP8,0
P06396,0
Q86TP1,0
P49841,1
P15531,0
Q15287,0
Q9UKV3,0
O75923,0
Q9HBI1,0
Q13769,0
Q13838,0
Q6I9Y2,0
Q86V81,0
Q86W42,0
Q8NI27,0
Q96FV9,0
Q96J01,0
Q13131,0
Q8IYB3,0
Q9HAU5,0
Q9UBU9,0
P07910,0
Q92785,0
O94763,0
Q9ULZ2,0
Q93008,0
Q96J02,0
P15170,0
P62495,0
Q92900,0
Q96Q15,0
P08235,1
P63279,0
Q15788,0
Q06265,0
Q13868,0
Q15024,0
Q5RKV6,0
Q96B26,0
Q9NPD3,0
Q9NQT4,0
Q9NQT5,0
Q9Y2L1,0
Q9Y3B2,0
Q01780,0
O14810,0
Q16623,0
Q6PUV4,0
O75558,0
Q52LR7,0
P32856,0
P84090,0
Q15208,0
Q9BQA1,0
Q9Y5B0,0
Q9H1J1,0
O14974,0
Q6WCQ1,0
P54105,0
O43752,0
O95453,0
Q8IZH2,0
Q9H0D6,0
O14893,0
Q16637,1
Q9UHI6,0
P33151,0
Q8TEW0,0
Q13586,0
Q96D31,0
Q9NPB6,0
P10244,0
Q5TKA1,0
P05154,0
P07288,1
P13521,0
P47756,0
P52907,0
Q4VCS5,0
Q68EM7,0
Q96B97,0
Q9Y5K6,0
P41743,0
O75970,0
Q5T2T1,0
Q8IY63,0
Q9Y2J4,0
P26358,1
P51587,0
O95721,0
O75379,0
Q15836,0
Q9BV40,0
O14662,0
Q96AJ9,0
Q9UEU0,0
P08588,1
P07949,1
Q92529,0
Q13480,0
O15066,0
Q9Y496,0
P09038,1
P11362,1
P23352,0
Q9BXF3,0
Q96T23,0
P11388,1
Q08211,0
Q08945,0
Q96SB4,0
Q9NR30,0
Q14160,0
Q6P1M3,0
P07199,0
Q03188,0
Q71F23,0
Q96BT3,0
Q96H22,0
Q9H3R5,0
Q9NSP4,0
Q9ULK5,0
P11021,0
P22087,0
P49450,0
Q02241,0
Q13185,0
Q15007,0
Q53SF7,0
Q5T200,0
Q69YN4,0
Q6T4P5,0
Q8N0S6,0
Q8N1F7,0
Q8NEM2,0
Q92620,0
Q92674,0
Q96JP5,0
Q9BS16,0
Q9BU64,0
Q9BXP5,0
Q9BZH6,0
Q9H0H5,0
Q9Y5B9,0
Q14155,0
Q9Y2X7,0
P25054,0
Q8TD19,0
P19784,0
P67870,0
P68400,1
O15400,0
Q9H270,0
Q9P253,0
Q9H269,0
O00311,1
Q9UBU7,0
Q9BYG5,0
Q15334,0
O75530,0
Q15022,0
Q15910,1
Q6ZN18,0
O43292,0
Q92643,0
Q969N2,0
Q96S52,0
Q9H490,0
O60870,0
O75340,0
P22626,0
Q15185,0
O14656,0
O14657,0
P09884,0
P20248,0
Q14181,0
P11387,1
P18858,0
P28340,0
P49005,0
P56282,0
Q07864,0
Q15054,0
Q9HCU8,0
Q9NR33,0
P41235,1
P53999,0
Q6ZYL4,0
O43913,0
O43929,0
Q13415,0
Q13416,0
Q9UBD5,0
Q9Y5N6,0
Q15004,0
Q07157,0
Q9Y4J8,0
Q9HD15,0
O14980,1
O95149,0
P62826,0
Q9UKB1,0
P20749,0
Q04206,0
P29590,0
P63165,0
Q15834,0
Q9UNH7,0
Q4G0F5,0
P10415,1
Q14790,1
Q9NZS9,0
O43739,0
Q7Z6J2,0
P80217,0
Q13287,0
P01732,0
P06239,1
Q16629,0
Q96GM8,0
Q9H875,0
Q9BZZ5,0
P08F94,0
Q13563,0
O60563,0
P50750,1
O60583,0
O75909,0
Q969S2,0
O00764,0
Q96FI4,0
O15392,1
O60447,0
Q96GD4,1
Q9NQS7,0
P04156,0
Q13791,0
O14910,0
Q9NZW5,0
P48357,1
P06213,1
P10809,0
P31040,0
P38646,0
Q16595,0
Q9HD34,0
Q9Y4W6,0
P00533,1
P09619,1
Q7L2H7,0
P49642,0
P49643,0
P02786,1
Q12789,0
Q8WUA4,0
Q9UKN8,0
Q9Y5Q8,0
Q9Y5Q9,0
Q92664,0
A6H8Y1,0
Q92994,0
Q53HL2,0
O95747,0
Q9H4A3,0
Q9UEW8,0
O75146,0
Q14247,0
P30153,0
O43809,0
O60231,0
O94913,0
P26368,0
P26599,0
Q01081,0
Q14444,0
Q16630,0
Q8N684,0
Q92989,0
Q9UKF6,0
Q8TEQ6,0
Q8WXD5,0
Q9H840,0
Q9NWZ8,0
Q9Y3F4,0
O95639,0
Q10570,0
Q6UN15,0
Q9P2I0,0
P33240,0
Q05048,0
Q12996,0
Q92797,0
P09012,0
P17844,0
O14929,0
P49321,0
Q13111,0
Q13112,0
Q8TEX9,0
Q9NVP2,0
Q9Y294,0
P54198,0
P84243,0
Q8IYD8,0
Q5TA45,0
Q68E01,0
Q6P9B9,0
Q75QN2,0
Q8N201,0
Q96CB8,0
Q96HW7,0
Q9H0H0,0
Q9NV88,0
Q9NVH2,0
Q9NVR2,0
Q9UL03,0
A6NKF1,0
P60896,0
Q96PV6,0
O75150,0
P51965,0
Q5VTR2,0
Q6P1J9,0
Q6PD62,0
Q8N7H5,0
Q8WVC0,0
Q9GZS3,0
Q15477,0
Q6PGP7,0
P01106,0
P52298,0
Q09161,0
Q9H814,0
Q96EB6,1
Q6W2J9,0
Q8N488,0
Q8NHM5,0
Q9BSM1,0
Q13352,0
Q6IPU0,0
Q7L2Z9,0
Q8N2Z9,0
O43290,0
O43390,0
O43660,0
O60306,0
O60506,0
O60508,0
O75643,0
O94906,0
O95391,0
O95926,0
P08579,0
P09651,0
P09661,0
P11940,0
P31943,0
P38159,0
P42285,0
P51991,0
P52272,0
P52597,0
P61978,0
Q00839,0
Q07955,0
Q12874,0
Q13523,0
Q13573,0
Q14331,0
Q14562,0
Q15029,0
Q15428,0
Q15459,0
Q6NZY4,0
Q6UX04,0
Q8WUQ7,0
Q96BP3,0
Q96DF8,0
Q96DI7,0
Q99459,0
Q9BRR8,0
Q9BRX9,0
Q9BUQ8,0
Q9BZJ0,0
Q9H2H8,0
Q9H307,0
Q9H5Z1,0
Q9HCG8,0
Q9HCS7,0
Q9NW64,0
Q9P013,0
Q9UBB9,0
Q9UJV9,0
Q9UKM9,0
Q9ULR0,0
Q9UMS4,0
Q9UNP9,0
Q9UQ35,0
Q9Y3C6,0
O75934,0
Q92616,0
A8K8P3,0
O15297,0
P15884,0
Q01130,0
Q12905,0
Q14204,0
Q7L1Q6,0
Q9UPN6,0
O00443,0
O00750,0
P04626,1
O43633,0
Q7LBR1,0
Q96CF2,0
Q96FZ7,0
Q9BY43,0
Q9H444,0
Q9HD42,0
Q9NZZ3,0
Q9UQN3,0
Q9Y3E7,0
Q86VN1,0
Q96H20,0
Q9BRG1,0
Q96P71,0
O00267,0
O43719,0
A5D8V6,0
Q99816,1
Q9UK41,0
O75461,0
O75712,0
P61244,0
Q14186,0
Q8IWI9,0
Q8IY57,0
Q969R5,0
Q9BYE7,0
P04843,0
P04844,0
P39656,0
P46977,0
P61803,0
Q9H0U3,0
Q13454,0
Q8TCJ2,0
O95271,0
P27540,0
P35869,1
Q12788,0
Q7L5Y6,0
Q8NHY2,0
Q969H0,0
Q14191,0
Q9H2K2,0
P05455,0
P0DP23,1
P16104,0
P27797,0
Q8N257,0
O43791,0
O75367,0
P16989,0
Q7L2E3,0
P33778,0
Q96EY7,0
Q99879,0
Q07021,0
Q71U36,0
Q99873,0
Q9H4B7,0
Q13127,0
Q03111,0
Q9UER7,0
P60510,0
Q9NY27,0
O14727,0
P99999,0
Q01094,0
O00255,1
P61964,0
Q15291,0
Q9C005,0
Q9UBL3,0
Q9UMN6,0
Q8IUQ4,0
Q9HB71,0
P05546,0
P51610,0
Q03164,0
Q92990,0
Q86XK2,0
P08621,0
P62995,0
Q9UKA9,0
O94829,0
P32121,0
P45985,0
Q99683,1
P53779,1
Q16584,1
Q7Z6J0,0
O60894,0
Q16602,1
Q13526,0
Q14103,0
O75534,0
Q9H074,0
Q04637,0
Q59EJ3,0
P17544,0
O00571,0
O14979,0
P35637,0
Q01844,0
Q12906,0
Q13148,0
Q8WYQ5,0
Q92499,0
Q92841,0
Q9BUJ2,0
Q9NRR4,0
O95071,0
P07437,0
P17858,0
P26641,0
P68104,0
Q9UG63,0
O43524,0
O15504,0
O75694,0
Q53GS7,0
O95251,0
Q6IE81,0
Q9UNL4,0
P17542,0
Q15650,0
Q8N3C0,0
Q8N9N2,0
Q9H1I8,0
P10619,0
P16278,0
P34059,0
Q99519,0
O95163,0
Q6IA86,0
Q96EB1,0
Q9H9T3,0
P26651,0
Q9HCK5,0
Q9UKV8,0
O14686,0
P68366,0
Q14686,0
Q8NEZ4,0
O15047,0
Q13263,0
Q12959,0
P51825,0
O95229,0
P45973,0
Q6P1K2,0
Q96IY1,0
Q9H081,0
Q9H410,0
Q08999,0
Q15329,0
P28749,0
P84022,0
Q13485,0
Q16254,0
P49758,0
Q13105,0
P05112,1
P24394,1
P31785,0
P40189,0
Q05655,1
Q9UBE8,0
Q15797,0
Q3V6T2,0
P04049,1
P59768,0
P63244,0
P67775,1
Q06190,0
P47813,0
O14787,0
Q14974,0
Q9H9Y6,0
Q9NYV6,0
Q00341,0
P63092,0
P10911,0
Q06187,1
O00555,1
Q03431,1
Q00534,1
P30279,0
P42771,0
P24864,0
P46527,0
O15126,0
O15127,0
P01112,0
P42684,0
Q13671,0
P01871,0
P12018,0
P15814,0
O00206,1
Q86XR7,0
Q8IUC6,0
O00505,0
P02545,0
P49711,0
P52294,0
Q6FI13,0
P34932,0
P35580,0
Q02880,0
Q04724,0
Q7RTV0,0
Q86XP3,0
P63162,0
P09382,1
P17931,1
Q14157,0
P26718,0
Q29980,0
Q9UBK5,0
Q9BZM4,0
Q29983,0
Q9BZM5,0
O15105,0
P36897,1
P37173,0
Q9HAU4,0
Q9HCE7,0
O95630,0
Q9Y3C5,0
P16389,0
P78357,0
Q09470,0
Q9NQC3,1
P08138,0
Q96FE5,1
Q9BZR6,0
Q99523,0
P01138,1
P13612,1
P49023,0
O15169,0
Q155Q3,0
Q9Y6R4,0
Q9Y6D9,0
P05412,0
Q14511,0
O95405,0
Q15796,0
Q9Y6X2,0
P26010,1
P38570,0
P46940,0
P30622,0
O43683,0
Q9H9H4,0
P11831,0
P19419,0
P28324,0
P42345,1
Q6R327,0
Q9BVC4,0
P34130,0
P78352,0
Q6VY07,0
P51955,0
Q8NG66,0
O43187,0
P51617,1
Q9Y616,0
O43914,0
P12644,0
Q9GZX9,0
P21810,0
P48039,0
P49286,0
P06703,0
O75381,0
O43918,0
P17813,1
P52179,0
O75531,0
O00264,0
Q12770,0
P55345,0
P43004,0
Q9Y239,0
P23219,1
Q13901,0
P18433,0
P30530,1
P51692,0
P29459,0
P29460,0
P42701,0
Q99665,0
P42229,0
O60674,1
P85298,0
Q12982,0
Q9UDY8,1
O95999,0
Q13158,0
O14920,1
O15111,0
P12931,1
Q9Y6Q6,0
Q9NY11,0
Q00653,0
Q01201,0
Q04864,0
Q99558,0
P25963,0
P07900,0
Q16543,0
Q8IUD2,0
Q9Y6K9,0
P25686,0
Q13163,0
Q13501,0
P62258,0
Q16534,0
P08962,0
P11215,0
P31749,1
P10275,1
Q9UKG1,0
Q13564,0
Q8TBC4,0
P49427,0
O14757,1
Q9H211,0
O75164,0
P52732,1
Q86T24,0
Q9UPN9,0
Q15843,0
Q8NFZ0,0
Q86WB0,0
P39748,0
O60885,0
Q99741,0
Q9UJA3,0
O75496,0
P61968,0
Q14676,0
Q9BXW9,0
P43351,0
Q06609,0
Q05513,0
Q15047,0
Q9UIS9,0
O96017,1
P50502,0
P08047,0
Q5U623,0
Q6VMQ6,0
P42858,0
P61006,0
Q96CV9,0
P21980,0
P29279,1
P23528,0
Q01518,0
P62834,0
Q7Z5R6,0
P17787,0
P43681,0
P62760,0
P16298,0
P53805,0
P42262,1
Q9NRD5,0
Q9Y3R0,0
O00401,0
O15230,0
P07942,0
P11047,0
P16144,0
P23229,0
P55268,0
P48509,0
P06241,1
P01137,1
P06756,1
P26012,0
P50281,1
P18084,0
Q03405,0
Q14773,0
Q13443,0
P10451,1
O00622,0
P02751,1
P18564,1
P10600,1
P05106,0
P06734,1
Q08722,1
Q13444,0
Q9Y624,0
Q14289,1
O75077,0
Q01955,0
O14495,0
P08514,0
P21926,0
Q16363,0
Q9Y490,0
Q99828,0
P05556,0
P08648,1
P08195,0
Q9UHI5,0
Q13683,0
Q9NPI5,0
P26006,0
P07996,0
Q9Y6C2,0
P19397,0
P19320,0
P57087,0
P35442,0
P17301,1
O15335,0
P12111,0
P56199,0
P17706,0
P53708,0
Q13797,0
P24821,1
O43915,0
O43184,0
Q13191,0
P22681,0
Q99962,0
P08581,1
Q99963,0
P27986,0
P56945,0
Q9H5V8,0
P16234,1
P46108,0
P46109,0
Q13905,0
P62993,0
Q07889,0
O14908,0
P22888,1
P04629,1
P49795,0
O14931,0
P20963,0
P43403,0
P29353,0
Q9Y316,0
O43561,0
P15498,0
P19174,0
Q13094,0
P07948,1
P16885,0
P17252,0
Q13393,0
P14210,1
Q06124,1
P49069,0
P21802,1
P07947,1
P20936,0
P11836,1
Q15075,0
Q96JC1,0
P15391,1
Q08170,0
Q13243,0
Q13247,0
Q9UBK2,0
Q12778,0
P18615,0
Q8IXH7,0
Q8WX92,0
Q9H3P2,0
P28799,0
Q00526,0
Q06330,0
Q7KZ85,0
P46531,1
Q92585,0
Q9BT40,0
P15172,0
Q9Y6K1,1
Q9BWH6,0
O95832,0
P01100,0
Q13469,0
P11308,0
P15036,0
P55316,0
P01033,0
P14780,1
O95786,0
Q14258,0
O15294,0
Q05397,1
P10155,0
Q15596,0
Q6UXN9,0
Q9P0U4,0
Q9UPS6,0
Q9NS68,0
Q12933,0
Q9BXL7,0
O15117,0
P17535,0
P53539,0
O15042,0
O75937,0
O75940,0
Q12931,0
Q7L014,0
Q8IWX8,0
Q96I25,0
Q9UHX1,0
P61088,0
Q15819,0
P83369,0
Q969L4,0
Q15750,0
Q9NYJ8,0
P98177,0
O43463,0
Q16526,0
Q9UKT7,0
Q49AN0,0
Q12888,0
Q6UWZ7,0
Q96RL1,0
P14921,0
P08253,1
P48431,0
Q01860,0
P14859,0
P26367,0
P00519,1
Q92547,0
P55072,0
P61077,0
P68036,0
P04004,0
P46100,0
Q9NQC1,0
Q92613,0
P48745,0
P29374,0
Q5PSV4,0
Q9H160,0
P39060,0
Q8WYH8,0
P55201,0
Q8WYB5,0
Q92794,0
P63272,0
O15269,0
Q9NUV7,0
P07359,1
O94992,0
Q9Y375,0
A1Z199,0
Q96T58,0
P12314,1
P43405,1
P03905,0
P00403,0
Q9BQ95,0
Q7RTS3,0
Q99081,0
Q15388,0
Q13642,0
Q08881,1
Q14185,0
P63096,0
P81274,0
Q14980,0
Q8N122,0
P49767,1
P15692,1
P78325,0
Q15172,0
P23258,0
P63000,0
P60953,0
P61024,0
Q15633,0
Q9UPY3,0
Q5JS54,0
Q9BT73,0
O95456,0
Q969U7,0
O75593,0
O43324,0
P07814,0
P14868,0
P41252,0
P47897,0
P54136,0
P56192,0
Q12904,0
Q13155,0
Q15046,0
Q9P2J5,0
P12643,0
P36894,1
P12755,0
P09086,0
Q05195,0
O00567,0
O76021,0
P05141,0
P13639,1
P16402,0
P37108,0
P49411,0
P55209,0
P55769,0
P63267,0
Q13428,0
Q13610,0
Q14978,0
Q6P3W7,0
Q8TDN6,0
Q92522,0
Q99848,0
Q9BQG0,0
Q9BVP2,0
Q9NW13,0
Q9NX58,0
Q9NZI8,0
Q9Y2X3,0
Q9Y383,0
O75578,0
Q9UKX5,0
P02452,0
Q14919,0
Q6UW60,0
Q9Y253,0
Q7L5Y9,0
Q8IUR7,0
Q9H871,0
O15550,0
Q5H9R7,0
Q6ZW49,0
Q86UW6,0
Q86XN7,0
Q9Y2X9,0
Q9HAV4,0
O96008,0
P38432,0
Q3ZCQ8,0
P55265,0
O14786,1
P41231,1
Q03113,0
Q16633,0
Q04727,0
Q04725,0
P42226,0
Q7KZF4,0
P42336,1
Q14469,0
P31751,1
O60895,0
O60896,0
Q13557,0
Q99801,0
Q06830,0
Q9BYN0,0
Q86VW2,0
O00548,0
Q04721,1
Q9NQB0,0
P16471,0
P07737,0
P50552,0
P00742,1
P08709,1
P10646,1
P13726,1
Q9UBX0,0
Q8WV28,0
O94782,0
Q8TAF3,0
O95837,0
Q92888,0
P16220,0
Q13643,0
P12757,0
Q9BZM6,0
Q8WXE9,0
Q15583,0
O14828,0
Q9UBP5,0
Q13075,0
O75607,0
Q07812,0
Q6WN34,0
Q13371,0
Q6Y2X3,0
P56279,0
Q8TAK5,0
P43694,0
Q8IZQ8,0
P62491,0
Q6WKZ4,0
Q9BPZ7,0
Q16740,0
O76031,0
P12814,0
P56817,1
Q96IZ0,0
Q99814,1
P35968,1
O43541,0
P31273,0
Q9UBT7,0
P35221,0
P49815,0
Q92574,0
Q14318,0
O00429,0
Q9Y3D6,0
P04150,1
P23511,0
P25208,0
Q13952,0
Q8NHG7,0
Q9UKV5,0
Q9BQE4,0
Q9GZP9,0
Q9UBV2,0
Q9UHV2,0
P05549,0
Q01105,0
P41970,0
P09958,0
P14923,0
P18206,0
P25105,1
P29597,1
P05198,0
P20042,0
P41091,0
P27348,0
Q9Y6J0,0
P29317,1
P98172,0
Q13009,0
O00221,0
Q15653,0
O15027,0
O75604,0
Q9BTK6,0
O00743,0
O15084,0
O75170,0
Q14164,0
Q9UPN7,0
P10276,1
P19793,1
P31946,0
P61981,0
P63104,0
Q04917,0
Q6Q0C0,0
Q7KZI7,0
Q99759,0
Q9NUG6,0
Q05086,0
Q9UHD9,0
Q9UMX0,0
Q13114,0
Q92844,0
A7MCY6,0
Q9H6S1,0
Q9UHD2,0
O43933,0
Q13608,0
Q7Z412,0
O75390,0
Q13576,0
Q9ULX6,0
Q02750,1
Q9UHA4,0
Q9Y2Q5,0
P51003,0
O60271,0
P35606,0
Q15025,0
Q92896,0
O15446,0
O95602,1
P0DPB5,0
P23508,0
P42704,0
P46199,0
P52292,0
Q16342,0
Q9GZS1,0
Q9UJF2,0
Q8N163,0
Q9NUW8,0
O60762,0
O94777,0
Q9P2X0,0
P06730,0
P60842,0
Q9BUB5,0
Q9UBN7,1
Q8TEY7,0
Q13451,0
Q8N5C8,0
Q86UP2,0
A1A4S6,0
Q13438,0
Q9GZT9,1
Q9H6Z9,1
O60664,0
P11717,0
P51151,0
Q7Z6J9,0
Q8NCE0,0
Q8WW01,0
Q9BSV6,0
P40222,0
Q676U5,0
Q8IX12,0
O43464,0
O95835,0
P98170,0
Q9ULH1,0
Q92556,0
Q92608,0
P51114,0
P10828,1
Q6P179,0
Q9NZ08,0
P28676,0
P30626,0
O95359,0
Q9Y6A5,0
P18146,1
P56537,0
Q9HCE1,0
Q9UHA3,0
P35638,0
Q96RU7,0
P15918,0
P55895,0
O43451,1
Q8IXM2,0
Q8IZL8,0
Q8WWY3,0
Q9BVI0,0
Q9H4L4,0
Q9HCK8,0
Q9NXF1,0
Q9Y4W2,0
P01009,0
P08246,1
P01011,0
P08311,0
P46736,0
Q9NXR7,0
P33176,0
Q8IWE5,0
P20783,0
Q05586,0
P21453,1
P28221,1
P08908,1
P28222,1
O75899,1
Q8NDV2,0
Q99500,0
O60260,0
Q9UL15,0
Q6UB99,0
Q29RF7,0
Q96FF9,0
Q9NTI5,0
Q02297,0
Q9H2S9,0
P01588,0
P19235,1
P35659,0
O60313,0
Q8N668,0
O76071,0
Q96T76,0
Q9Y3D0,0
Q13418,0
Q15052,0
Q13490,0
P19438,1
Q15628,0
Q9NQ66,0
Q01970,0
P24522,0
O75293,0
O95257,0
P41002,0
Q13635,0
O14543,0
P23458,1
P42224,0
O00482,0
Q15466,0
P26441,0
P26992,0
P42702,0
P15018,0
Q52LA3,0
Q6MZP7,0
Q96GY3,0
P50402,0
Q12965,0
Q13813,0
Q15417,0
Q8WWI1,0
Q9BRV8,0
P20700,0
Q02539,0
Q9H503,0
O95218,0
Q13283,0
Q9P287,0
Q9BQ87,0
O00148,0
P12277,0
P14866,0
P51858,0
Q53EL6,0
Q9Y2U8,0
Q9UIM3,0
Q12879,1
O95997,0
Q14674,0
O94887,0
Q9UIW2,0
O75051,0
P51805,0
Q9HCM2,0
Q9H3S1,0
Q9Y4D7,0
Q96NW7,0
Q9UQM7,0
Q15744,0
Q99985,0
O60486,0
O75326,0
O43157,0
Q92854,1
P14373,0
O60462,0
Q8TAT6,0
Q92890,0
Q8NFY4,0
Q9Y275,1
Q9UIF9,0
P17948,1
O94875,0
Q92882,0
Q15572,0
Q15573,0
Q53T94,0
P35916,1
Q14563,0
P28223,1
Q14416,1
O15519,0
Q07817,1
Q9UBE0,0
Q9UBT2,0
Q14194,0
Q8TDZ2,0
Q01196,0
Q13951,0
P25445,0
Q14145,1
Q16236,1
Q96HS1,0
Q8IUB6,0
P14867,1
P18507,0
P47870,0
P55211,1
Q07820,1
Q16611,0
P37840,1
Q99497,0
Q8IXI1,0
Q9BXM7,0
Q9UPV9,0
O95831,0
P62937,1
Q5S007,0
P54819,0
Q92851,0
Q63HK5,0
P15056,1
P36507,1
P30154,0
Q9Y570,0
Q8IVT5,0
Q969H4,0
P49755,0
P63098,0
Q13404,0
P10636,1
P62837,0
O14576,0
P63167,0
Q9Y6G9,0
Q14203,0
Q99689,0
Q9NRI5,0
Q07343,0
O95817,0
Q9UJY1,0
Q15831,0
Q7RTN6,0
Q9Y376,0
O75509,0
Q70YC5,0
P47989,1
P17676,0
Q13242,0
Q2NKJ3,0
Q86WV5,0
Q9H668,0
Q15746,0
P12821,1
P54652,0
Q15084,0
P46379,0
P14672,0
Q00610,0
Q15027,0
O75382,0
Q9ULV0,0
O00472,0
P42568,0
P55199,0
Q96JC9,0
Q9HB65,0
Q9UHB7,0
A2A288,0
Q5D1E8,0
Q92731,1
O15120,0
Q96G97,0
Q14693,0
P18847,0
Q5EBL8,0
Q6IQ23,0
P02511,0
Q14524,1
P24468,0
Q02078,0
P01019,1
P13727,0
Q13219,0
P01024,1
Q9HBA0,1
Q86VS8,0
Q8N612,0
Q96ED9,0
Q9H8T0,0
Q9UJC3,0
P17600,0
Q10469,0
Q96PD7,0
Q99933,0
P49754,0
Q93009,0
O43310,0
P27824,0
Q9Y6D0,0
Q16891,0
Q5TGZ0,0
Q9NX63,0
O00287,0
O14593,0
P48382,0
O15537,0
P02792,0
P02794,0
Q9UJ55,0
P04141,1
P15509,0
P32927,0
P55060,0
Q5EE01,0
A8MT69,0
P42167,0
Q8IWY9,0
O43741,0
P54646,0
Q9UGI9,0
P54619,0
O14763,1
P50591,0
Q93052,0
A8MTZ0,0
Q3SYG4,0
Q8IWZ6,0
Q8N3I7,0
Q8NFJ9,0
Q8TAM2,0
Q96RK4,0
Q9BXC9,0
Q07912,0
O00471,0
O60645,0
Q8IYI6,0
Q8TAG9,0
Q96A65,0
Q96KP1,0
Q9NV70,0
Q9UPT5,0
P03950,0
P13489,0
A0AVF1,0
Q13099,0
Q8N4P2,0
Q8WYA0,0
Q96LB3,0
Q9BW83,0
Q9H7X7,0
Q9NQC8,0
Q9Y366,0
Q9Y547,0
Q96EP0,0
Q9BYM8,0
Q9H0F6,0
Q9Y5P8,0
O43815,0
Q13033,0
Q86UD0,0
Q92562,0
Q9Y2I7,1
Q9Y6H5,0
P01344,1
P18065,0
Q8NE62,0
Q9H492,0
O00159,0
Q03468,0
Q9Y698,0
P42261,1
Q96CW1,0
Q92754,0
Q9UGL1,0
Q9NSA3,0
P00491,1
O76081,0
Q08379,0
Q9BQQ3,0
Q8NF50,0
O75140,0
Q12980,0
Q8WTW4,0
Q6PJI9,0
Q96S15,0
Q9NXC5,0
Q9NP77,0
O95267,0
Q13574,0
P23760,0
Q969S8,0
O00522,0
O14713,0
Q9BSQ5,0
O75143,0
O75385,0
Q8TDY2,0
Q8IYT8,0
Q9BSB4,0
Q9UH77,0
P56270,0
P51808,0
P63172,0
Q8IVD9,0
Q8NCM8,0
Q8TCX1,0
Q8TF09,0
Q8WVS4,0
Q8WW35,0
Q96EX3,0
Q96FJ2,0
Q9NP97,0
Q96IF1,0
Q99684,0
Q86SQ9,0
Q96E22,0
O00141,0
O14746,1
O60832,0
Q86US8,0
Q9BUR4,0
Q9NPE3,0
Q9NX24,0
Q9NY12,0
Q15154,0
Q9UPN4,0
Q6ZW61,0
Q8TAM1,0
Q9NPJ1,0
Q99062,1
O75431,0
Q13505,0
Q5HYI7,0
Q5XKP0,0
Q6UXV4,0
Q9BRQ6,0
Q9BUR5,0
Q9NVH1,0
Q9Y512,0
Q15599,0
Q9HBW0,0
P08069,1
Q7L804,0
P04921,0
P11171,0
Q00013,0
Q68DC2,0
Q7Z494,0
Q86SG6,0
Q9Y283,0
O75445,0
Q8WXG9,0
Q9H5P4,0
Q9P202,0
O60504,0
Q8TDM6,0
Q96J92,0
Q96DX5,0
P19022,0
P06865,0
P07686,0
O60673,0
Q9UBT6,0
Q9UBZ9,0
Q9UI95,0
Q9Y5A7,0
O00165,0
Q14344,0
O15304,0
P11166,0
P35612,0
Q08495,0
P35232,0
P45880,0
Q99623,0
Q92630,0
Q9Y4B6,0
Q9NX09,0
O94850,0
Q86UL8,0
Q08345,0
Q8IX03,0
P20023,0
Q9NQC7,0
Q9UM82,0
P04275,1
Q01543,0
Q16198,0
Q52LJ0,0
Q9BVC5,0
Q9Y224,0
Q9Y3I0,0
Q9C093,0
Q96FC9,0
O75717,0
Q5FWF5,0
O00541,0
Q14137,0
Q96GQ7,0
Q9GZL7,0
P51159,0
Q07866,0
Q4VX76,0
Q12849,0
Q7L8L6,0
Q9NUL7,0
Q9NYY8,0
O75398,0
Q8NEJ9,0
Q9BSC4,0
Q9NY61,0
P29466,1
P51878,0
Q9C000,0
Q9ULZ3,0
O14490,0
Q9BYB0,0
Q96P20,1
Q9Y2G2,0
Q9NX02,0
Q0PNE2,0
Q8TE02,0
O60939,0
Q99250,1
P55196,0
O60716,0
P55287,0
O00512,0
Q99697,0
Q13153,0
O75161,0
P46937,0
Q8WTS6,0
P01375,1
Q13489,0
Q13546,1
Q9HCX3,0
Q13835,0
Q08050,0
Q06945,0
Q13255,0
Q14833,1
Q14831,0
O75330,0
O00222,0
O00151,0
Q9BRP0,0
P20073,0
Q14832,1
Q6PJG2,0
Q9H147,0
P62942,1
Q9UBV8,0
O15259,0
Q8N3P4,0
Q8WUH2,0
Q96AX1,0
Q9H267,0
Q9H9C1,0
Q96CX2,0
Q6ZWB6,0
Q68DU8,0
A5YKK6,0
O75175,0
Q9NZN8,0
Q9NRA8,0
P25685,0
Q13217,0
Q9BZQ4,0
Q13043,0
Q9H4B6,0
Q13188,0
P00395,0
Q15526,0
Q9Y2R0,0
Q8N5G0,0
P43355,0
Q9BZY9,0
Q9NXX6,0
P01127,1
P02745,0
P02746,0
P02747,0
Q9H0D2,0
P18848,0
Q8WXF7,0
Q9H902,0
Q9UBP0,0
Q8NHH9,0
Q6DD88,0
O15273,0
Q8WZ42,0
O43482,0
Q6P0N0,0
Q9NYP9,0
O94927,0
Q68CZ6,0
Q7Z4H7,0
Q96CS2,0
Q99871,0
Q9BT25,0
Q9H6D7,0
Q9NVX0,0
P20648,0
P51164,0
P37088,0
P51168,0
P51170,0
P51172,0
P30926,0
Q15822,0
O75665,0
Q2KHM9,0
Q96NB1,0
Q8N9N5,0
P39687,0
P26439,1
Q9NS69,0
Q5THR3,0
O60220,0
Q9Y5L4,0
P36404,0
Q9BTW9,0
O60830,0
Q5VIR6,0
Q8N1B4,0
Q96JG6,0
Q9UID3,0
O75475,0
Q9Y5Z7,0
Q9P1Q0,0
Q92982,0
O43617,0
O75865,0
P0DI81,0
P48553,0
Q5T215,0
Q7Z392,0
Q86SZ2,0
Q8IUR0,0
Q8WVT3,0
Q96Q05,0
Q9UL33,0
Q9Y296,0
Q9Y2L5,0
Q9Y5R8,0
Q8NFC6,0
Q96IK1,0
Q14457,0
Q9P2Y5,0
Q8IYU8,0
Q8NE86,0
Q9BPX6,0
Q9H4I9,0
Q9NWR8,0
O60494,0
Q9BXJ7,0
O75477,0
O94905,0
Q96K19,0
P27352,0
A8K0Z3,0
Q12768,0
Q2M389,0
Q9Y3C0,0
Q9Y4E1,0
Q9NZJ0,0
Q9H7D7,0
Q86VZ2,0
Q9BQ67,0
O94826,0
Q8N4H5,0
Q96B49,0
Q9P0U1,0
Q12929,0
Q8TE68,0
Q9H6S3,0
Q8TE67,0
P21860,1
P32004,0
P16615,1
P26678,0
P08670,1
O00631,0
O14983,0
Q6IQ55,0
Q9UPV0,0
Q53HC0,0
Q495M9,0
Q9Y6N9,0
O60346,0
Q6ZVD8,0
Q9NVI1,0
Q9H251,0
Q92575,0
P10071,0
Q86YF9,0
Q5T4F4,0
Q12840,0
Q8IZJ1,0
Q9HAR2,0
Q9NZU0,0
Q6UXZ4,0
Q13402,0
Q15751,0
Q00765,0
Q9P0L0,0
P07203,0
Q13228,0
Q9UHG0,0
Q9UQF2,0
Q04726,0
O60282,0
Q15907,0
O15260,0
O95197,0
O95292,0
Q6NSJ5,0
Q6P9F7,0
Q7L1W4,0
Q8IWT6,0
Q8TDW0,0
O75147,0
Q9H0W5,0
P15382,0
Q12809,1
Q8IWT3,0
Q9Y6J6,0
P22415,0
Q15853,0
Q9GZZ6,0
Q9UGM1,0
Q7Z4L5,0
Q8NEZ3,0
Q96RY7,0
Q9HBG6,0
Q9P2L0,0
O75955,0
Q9BX66,0
P78396,0
O15078,0
O43303,0
Q15051,0
Q9P2K1,0
Q9BZE0,0
O43299,0
Q2VPB7,0
Q68DK2,0
Q96JI7,0
Q9H0R1,0
Q9NUS5,0
Q9H9E1,0
Q15223,0
Q9NQS3,0
O75298,0
Q9BY67,0
Q9Y2J2,0
P35240,0
P02730,0
Q12955,0
Q9H310,0
P26572,0
Q9Y2D2,0
P78381,0
Q9UQ53,0
Q09328,0
O75317,0
Q8TBZ3,0
P62068,0
O60826,0
Q567U6,0
Q7Z3J2,0
Q7Z4G1,0
Q86VX2,0
Q86X83,0
Q9GZQ3,0
Q9H0A8,0
Q9NX08,0
Q9P000,0
Q9UBI1,0
Q9Y6G5,0
P46020,0
Q16816,0
Q93100,0
Q14CW9,0
Q86TJ2,0
Q9UPT9,0
P11926,1
P54368,0
P00813,1
Q5T6C5,0
Q8NEM7,0
Q96ES7,0
Q9ULK2,0
Q9GZV5,0
Q6PIL6,0
Q9UK17,1
Q99593,0
O60706,0
Q14654,1
Q01658,0
Q8IYH5,0
Q9H8E8,0
Q9NS73,0
Q9ULM3,0
Q9NPA8,0
Q8NEA6,0
Q9UMX1,0
P46934,0
P50570,0
Q5T1M5,0
Q641Q2,0
Q92974,0
Q96N67,0
Q9BTU6,0
O14641,0
Q68CZ1,0
Q5HYA8,0
Q9NXB0,0
Q8WXH0,0
P20333,0
Q9NQH7,0
P78552,0
Q8TDR0,0
Q13049,0
O14986,0
P25025,1
Q9Y6H6,0
P07384,0
Q8WWG9,0
Q9UJ90,0
P04632,0
O43525,0
O43526,1
Q15813,0
Q99426,0
Q9NR82,1
P56696,1
P21333,1
Q7Z7B0,0
O00212,0
Q8TF30,0
Q4V328,0
Q9BSD3,0
Q6WBX8,0
Q8NHY5,0
Q99720,1
P78395,0
Q9NRR6,0
O43924,0
Q92834,0
Q8N157,0
P54257,0
P29972,0
Q2I0M4,0
Q5T011,0
Q969R8,0
Q96MD2,0
Q9Y664,0
P22301,1
Q08334,0
Q13651,0
Q92600,0
Q9H9A5,0
Q9UIV1,0
Q9UKZ1,0
Q9ULM6,0
O95935,0
Q9UMR3,0
O75052,0
Q8TAA9,0
Q13177,0
P49459,0
Q5T4S7,0
Q9P0J7,0
P21796,0
P30405,0
Q9UQ90,0
O00592,0
Q9NZA1,0
P0DPB3,0
P48764,1
P60484,0
Q06495,0
Q5T2W1,0
Q15654,0
O95977,1
O95136,0
Q9H228,1
P04899,0
P61073,1
P35348,1
P35368,0
Q08462,0
Q9HBX9,1
P21917,1
Q53G59,0
Q6ZNE5,0
O14791,0
P00739,0
P02647,0
P02753,0
P02766,1
P12273,0
P25311,0
P00450,0
P02788,0
P05164,1
P05109,0
P06702,0
P35228,1
Q86Z14,0
Q9NSA1,0
O95750,0
P22455,1
O95793,0
Q15717,0
P21709,0
Q7Z589,0
Q9H4Z2,0
Q5BKZ1,0
Q7Z5L9,0
Q8IU81,0
Q9H1B7,0
Q9NQ92,0
Q9BV38,0
Q5SY16,0
Q9Y3Y2,0
P14625,0
Q96CS3,0
Q96DZ1,0
Q9UBU6,0
Q9Y385,0
Q9Y679,0
O95714,0
Q16659,0
Q96JN8,0
P22033,0
Q8IVH4,0
P11441,0
Q7L5D6,0
Q9BVT8,0
O15503,0
Q86WV6,1
Q96SW2,0
Q16394,0
Q93063,0
Q9BTP7,0
O43504,0
P21281,0
P27449,0
P38606,0
P61421,0
Q0VGL1,0
Q6IAA8,0
Q9Y478,0
Q9P0N9,0
Q86TV6,0
Q8IYD1,0
Q9BYI3,0
Q8NEY8,0
Q9UK61,0
Q96CW5,0
Q96RT7,0
Q96RT8,0
Q9BSJ2,0
Q9UGJ1,0
Q9H6Q4,0
Q9UK96,0
Q9NRD1,0
Q96EF6,0
Q8NI29,0
Q9H4M3,0
Q96FA3,0
Q9NWZ3,1
Q99626,0
Q96AC1,0
P05230,1
Q5T6S3,0
P15502,1
P35555,0
P98095,0
Q9UBX5,0
P16591,0
P48059,0
Q9NVD7,0
Q7Z4I7,0
Q8WZ75,0
Q14161,0
Q96P53,0
Q8TF47,0
Q9BZS1,0
O95863,0
O75197,0
O95859,0
Q00604,0
Q9ULV1,0
O75581,0
P01270,0
O75473,0
Q13467,1
P48735,1
O43837,0
P50213,0
P51553,0
Q6UVK1,0
O60609,0
Q5T4W7,0
D6RGH6,0
P20336,0
P24386,0
Q92696,0
P16383,0
O76003,0
Q9H3K6,0
O43716,0
O75879,0
Q9H0R6,0
Q8TD16,0
O15270,0
Q8NFR3,0
Q969W0,0
Q8TB68,0
Q8N138,0
P06454,0
P49006,0
Q00325,0
Q92688,0
Q9NS62,0
Q9P2A4,0
Q13387,0
O60568,0
Q15848,0
Q8NBJ5,0
Q11201,0
P49903,0
Q99611,0
Q9HD40,0
Q9NX07,0
O00469,0
Q96AY3,0
Q96KX2,0
P63151,0
Q8TCU5,0
Q86UX7,0
P63211,0
P62879,0
P16520,0
Q9HAV0,0
O14775,0
P63215,0
Q9NPJ4,0
P50150,0
P63218,0
P53004,0
P35346,1
P30872,1
P30874,1
P32745,1
P31391,1
P05000,0
P01563,1
O60603,1
Q15399,0
O75925,0
Q96FW1,0
P05165,0
P05166,0
P61224,0
Q9ULI3,0
O94916,0
Q8TEV9,0
Q96LT7,0
Q9HAD4,0
O60262,0
Q9UK08,0
P50151,0
P61952,0
Q9UBI6,0
Q9P2W3,0
Q13285,0
Q13510,0
P07602,0
Q07617,0
Q86Y56,0
Q9NVR5,0
Q99986,0
O76064,0
P09936,0
P54821,0
Q99811,0
P00747,1
P00749,1
Q5TC82,0
Q7Z417,0
P34896,0
Q15018,0
P34897,0
Q14451,0
Q8TAA5,0
Q9HAV7,0
Q9P0R6,0
O95487,0
Q15436,0
P36956,0
Q9HCU5,0
Q9Y6B6,0
Q9Y6Y8,0
P48506,0
P48507,0
Q96RQ3,0
Q9HCC0,0
P31153,0
Q9NZL9,0
Q9C0C2,0
Q00266,0
Q96LI5,0
Q9UFF9,0
Q9H6R6,0
Q68DK7,0
Q9H9L4,0
Q9P2N6,0
Q96EK4,0
Q15672,0
Q96QB1,0
Q9Y4I1,0
P14416,1
P54253,0
Q96RK0,0
P36544,1
Q13509,0
Q96KN7,0
Q9P0W8,0
P07355,0
P08183,1
O15151,0
O15344,0
P78318,0
O95696,0
Q9ULD4,0
P48307,0
Q969Q6,0
P52747,0
P40939,0
P55084,0
Q9H221,0
Q9H222,0
P05026,0
P55087,0
P78508,0
Q15049,0
Q9NSN8,0
P16083,0
P09622,0
P36957,0
Q02218,0
Q14CZ8,0
O00327,0
Q99743,0
O15516,0
Q8N5K1,0
P15169,0
P22792,0
O00499,0
Q8NDI1,0
P14618,0
Q8WXF1,0
Q96PK6,0
Q8TDB6,0
Q99732,0
P18827,1
Q9BY76,0
P34741,0
P31431,0
P49770,0
Q13144,0
Q9NR50,0
Q9UI10,0
Q14232,0
Q92546,0
Q8TEW8,0
Q14526,0
P00414,0
P09669,0
P0DJ07,0
P10176,0
P10606,0
P12074,0
P13073,0
P14406,0
P14854,0
P15954,0
P20674,0
P24311,0
Q6UWS5,0
Q8N490,0
Q9Y241,0
P05305,0
P25101,1
A0FGR8,0
Q9BSJ8,0
A0FGR9,0
P30273,0
Q9ULY5,0
Q01362,0
P49773,0
P51153,0
Q8N3F8,0
Q6ZUT3,0
Q07352,0
P47974,0
Q15392,1
Q9UBM7,0
Q8N2Q7,0
Q9ULB1,0
Q8IXI2,0
Q9Y580,0
Q99988,0
Q8IXJ9,0
P40933,1
Q08431,1
Q9UN86,0
P49281,0
Q96PU5,0
Q9BT67,0
P02787,0
P10398,1
Q15475,0
Q99502,0
Q9NPC8,0
O75449,0
Q9BVA0,0
Q9BW62,0
Q9H079,0
O15054,0
Q693B1,0
Q8NC69,0
Q8WUB8,0
Q9NPI1,0
Q9NVM4,0
Q9NWQ8,0
A6NED2,0
Q8N371,0
A6NGQ2,0
P59047,0
Q587J8,0
Q9H808,0
Q92945,0
Q9NPG3,0
Q8IXQ6,0
Q13950,0
Q5T1R4,0
Q9H0M0,0
Q8NCD3,0
Q96QV6,0
Q13303,0
O95970,0
Q9P0K1,0
O95985,0
Q9H7E2,0
P49407,0
Q6ZSZ5,0
Q8N8S7,0
P40121,0
P29033,0
Q9H9S0,0
Q9HD26,0
P19367,0
Q01534,0
Q86VY4,0
Q53EZ4,0
Q8WUF5,0
Q13464,0
Q6UXK2,0
P22059,0
Q9P260,0
P15336,0
O15091,0
Q7L0Y3,0
Q99714,0
Q8NFG4,0
Q9P278,0
Q5VVJ2,0
Q9H8V3,0
Q8TF46,0
Q99547,0
Q6P597,0
Q96M69,0
Q9UFD9,0
P23415,0
P48167,0
O14764,0
Q5JRA6,0
Q96PC5,0
P53350,1
Q562F6,0
Q96R06,0
Q9Y448,0
Q5JTV8,0
P40616,0
P53365,0
P84077,0
Q92819,0
Q92839,0
O00219,0
Q14494,0
Q96KS0,1
P49765,1
P16070,1
Q14721,0
P10721,1
Q01638,0
Q9NPH3,0
Q12772,0
Q6TCH7,0
Q8IXQ5,0
Q9P2G9,0
Q9P2J3,0
Q9P2N7,0
Q9Y2M5,0
Q6TFL4,0
Q9H0H3,0
O95278,0
Q9P2K6,0
P16422,1
Q9UJU2,0
Q8IZD2,0
P50748,0
Q9H900,0
Q8NG31,0
O94907,1
Q96MU8,0
Q969J3,0
Q96B45,0
Q96FH0,0
Q96GS4,0
Q9BQD3,0
Q16181,0
Q8IW41,1
Q15691,0
Q5VU43,0
Q96SN8,0
Q9UPY8,0
Q14657,0
Q96S44,0
Q9NPF4,0
Q9Y3C4,0
O60610,0
Q9BXB1,0
Q9BXY4,0
Q1MX18,0
Q9UPY6,0
Q6PKG0,0
Q9NUL5,0
Q2MKA7,0
Q68DV7,0
Q4G0J3,0
O43581,0
O43255,0
Q15942,0
Q9NRM7,0
Q6ZNX1,0
Q86V20,0
Q8IYI0,0
Q14596,0
P62745,0
P46734,0
Q12802,0
Q16512,0
Q16539,1
Q9NYL2,0
Q8IWT0,0
Q13761,0
P27487,1
P29274,1
O43294,0
P61371,0
Q9UBR4,0
Q9UGP4,0
P53667,0
Q8WYL5,0
Q9UKN5,0
Q5VY09,0
Q7Z2W4,0
Q9NZL4,0
O14879,0
P09913,0
P09914,0
P62807,0
Q96P70,0
Q9BTT0,0
Q8WU17,0
O95264,0
P46098,1
Q8WXA8,0
Q70Z44,0
A5X5Y0,0
Q96JJ3,0
Q96PE1,0
P34931,0
Q16566,0
Q9H095,0
Q99836,0
P53990,0
Q9Y6W3,0
Q96NB3,0
Q15366,0
Q7Z434,0
Q8N6Q3,0
A6ND01,0
Q8IYV9,0
Q9NX55,0
P26038,0
P35241,0
Q6KC79,0
Q9Y6X3,0
Q96F24,0
P10599,1
Q7Z4T9,0
Q9P1Y5,0
Q9UPN3,0
P29322,0
Q6ZS11,0
Q92625,0
P14679,1
P51810,0
Q9BXL6,0
Q99470,0
Q9UBS4,0
Q9HCN8,0
O75460,0
P04792,0
P49137,1
Q16644,0
Q7Z2Z1,0
Q9NYP3,0
Q9NXL9,0
Q8NEM0,0
Q9NXR1,0
Q9NZC7,0
P09016,0
P40424,0
P28356,0
P28358,0
P55347,0
P31314,0
Q02962,0
P21728,1
P30542,1
Q9UBS5,1
P21554,1
P32245,1
P48145,0
P41968,1
Q92847,1
P41594,1
P43115,1
P21731,1
P43119,1
O75386,0
Q96FT9,0
Q01726,1
P30989,1
P36873,0
P62140,0
Q13324,0
P28335,1
Q01718,1
Q8TCY5,0
P32241,0
P41587,0
P47872,1
P34972,1
P49190,0
P47871,1
P34998,1
Q99719,0
Q9UH03,0
P04201,1
P30556,1
P29373,0
Q96A33,0
Q9Y284,0
P54252,0
Q6ZRQ5,0
Q96HA7,0
Q14135,0
Q15561,0
Q5UIP0,0
P61764,0
P13196,0
P85037,0
Q01167,0
P34995,1
Q8NHY3,0
Q659A1,0
Q7L2J0,0
Q8N5P1,0
Q9Y2F5,0
Q86U44,0
Q9HCE5,0
Q75N03,0
Q8N108,0
Q8N344,0
O95785,0
Q969V6,0
Q8NB16,0
Q9Y572,0
Q9P289,0
Q9Y3A3,0
Q9H8S9,0
P86791,0
Q7L1V2,0
Q86VX9,0
Q96DM3,0
O75110,0
Q7Z3U7,0
Q9Y3R5,0
O14807,0
Q9UQ13,0
Q9UBG0,0
Q6NTE8,0
Q9BUL8,0
O60293,0
P15941,1
Q96AY2,0
P58753,0
Q96DE5,0
Q6N069,0
Q9GZZ1,0
Q147X3,0
Q5VZE5,0
Q9BRA0,0
P61599,0
Q14CX7,0
Q5XXA6,1
Q96AH0,0
Q9NRY2,0
Q9BQ15,0
P20290,0
Q13765,0
Q8IZF0,0
Q8N2C7,0
Q9P2D8,0
A2RRP1,0
Q53F19,0
Q15155,0
Q969V3,0
Q9BVK8,0
Q9NV92,0
O43822,0
Q96PY6,0
Q9NYK1,1
O95900,0
Q6P087,0
Q96CM3,0
Q96I51,0
Q9NPE2,0
Q12800,0
Q86UQ8,0
Q9Y697,0
Q6VVB1,0
Q8N4C6,0
Q9H7T9,0
Q9Y2I1,1
Q9NPP4,0
Q7RTR0,0
Q96D46,0
P14174,1
Q9HC29,1
Q86UR1,0
Q8NFA2,0
Q9Y5S8,1
P59044,0
Q8WX94,0
O14862,0
Q03112,0
Q16666,0
P14598,0
P19878,0
Q15080,0
P04839,0
P13498,0
Q8TDX7,0
Q86TI2,0
Q9H257,0
Q7RTR2,0
P59046,0
O95816,0
Q86W24,0
Q07869,1
Q8NC51,0
O15393,0
Q9BYF1,0
Q695T7,0
P50052,1
P30411,1
Q96C24,0
O75787,0
P00797,1
Q8WYA6,0
Q9Y5U4,0
O14894,0
Q8NEV8,0
Q8NBW4,0
O95343,0
O14519,0
Q86UK7,0
Q9ULU4,0
Q02556,0
P10914,0
Q9Y371,0
Q02447,0
P48552,0
O15553,0
O43402,0
Q15006,0
Q5J8M3,0
Q5UCC4,0
Q8N4V1,0
Q8N766,0
Q9BV81,0
Q9NPA0,0
Q9P0I2,0
Q9Y3B6,0
Q8IY18,0
Q8WV22,0
Q96MF7,0
Q96MG7,0
Q96SB8,0
Q8N140,0
P53384,0
Q9Y5Y2,0
Q9Y266,0
Q9UKK6,0
P40818,0
Q8TEB7,0
Q4VC05,0
Q8WUZ0,0
Q8N5D0,0
Q15532,0
Q6AI39,0
Q9H8M2,0
Q92876,0
P20151,0
Q9UQ80,0
P41222,1
O14802,1
O15160,0
O15318,0
O75575,0
P05423,0
P0DPB6,0
Q9BUI4,0
Q9H1D9,0
Q9NVU0,0
Q9NW08,0
Q9Y2Y1,0
Q9Y535,0
Q9BPU9,0
Q9UPM9,0
Q5JSS6,0
Q96M98,0
O43521,0
Q86VP3,0
Q15631,0
Q99598,0
Q8NHZ8,0
Q9NYG5,0
Q9ULW0,0
P62699,0
Q6VN20,0
Q8IVV7,0
Q9NS91,0
Q9BY11,0
Q9UNF0,0
Q9UKS6,0
P01730,1
P08575,1
Q14761,0
Q9BQE3,0
O00187,1
P11226,0
P48740,0
Q96Q45,0
Q9NQ40,0
Q9BVW5,0
Q9UNS1,0
Q8WXW3,0
P41240,0
Q86YC2,0
Q96B01,0
Q504Q3,0
Q58A45,0
O43865,0
O75695,0
P36405,0
Q13432,0
Q96TA2,0
Q9H300,0
Q9UJZ1,0
O43663,0
O95235,0
Q15058,0
O15350,0
Q8TDN4,0
A5D8V7,0
Q5T2S8,0
Q96M63,0
Q96NG3,0
Q9NPF7,0
Q13261,0
P14784,1
P01589,1
P60568,0
Q9H1K1,0
P08700,0
P26951,1
P05113,1
Q01344,1
Q6UXL0,0
Q9NYY1,1
Q9UHF4,0
Q13478,0
Q14116,1
O95256,0
P16035,0
Q9UHD0,0
P00734,1
P01008,1
P24593,0
P05231,1
P08887,1
O60318,0
P41208,0
Q5JVF3,0
O15182,0
P35227,0
Q3KNV8,0
Q86SE9,0
Q8NEZ2,0
Q8WUM4,0
Q9H7P6,0
P00750,1
P04196,0
Q92673,0
O75462,0
Q9UBD9,0
Q14213,0
Q8NEV9,0
Q6ZWH5,0
P30307,0
P28715,0
P13224,0
P14770,0
P40197,0
P18754,0
P48061,1
P54727,0
Q01831,0
P42574,0
P55210,0
Q96T88,0
Q86XT2,0
O00560,0
O75800,0
P57076,0
Q86X45,0
Q8NA54,0
Q8WXU2,0
Q5VSL9,0
Q9NRL3,0
Q9P2B4,0
Q08AD1,0
P20585,0
P49802,0
O14610,0
Q15131,0
Q8N1B3,0
Q92973,0
Q9P2E2,0
Q9ULC3,0
Q9BUH6,0
Q70EL2,0
Q96EA4,0
Q9UM73,1
P29376,0
Q9UJM3,0
P62633,0
P40426,0
Q15365,0
P50479,0
Q12923,0
O15530,1
Q9H792,0
P16284,0
Q16625,0
Q96AP7,0
O43172,0
O43395,0
O43447,0
Q6GPH4,0
P35813,0
Q99633,0
O94842,0
P16333,0
Q5SWA1,0
P54725,0
Q9H6Z4,0
Q9C0E2,0
P51149,0
Q96NA2,0
Q9BXW6,0
O43765,0
Q8TBM8,0
Q9NXW2,0
Q96QU8,0
Q9UIA9,0
O43592,0
O00410,0
O95373,0
Q9UI26,0
Q92598,0
P48454,0
Q14004,0
Q9NYV4,0
O15397,0
O75154,0
Q9H171,0
Q02846,0
Q7Z3Z2,0
Q9Y5L0,0
Q9NZN9,0
Q13224,0
Q8N8A2,0
Q8NB46,0
Q5VZM2,0
Q9NQL2,0
Q96B36,0
Q8TF05,0
Q5MIZ7,0
Q6IN85,0
Q6NUP7,0
P53041,1
Q14142,0
Q96S55,0
Q7L523,0
Q9HB90,0
O43186,0
Q9Y5X4,0
P85299,0
Q6MZQ0,0
P26715,1
Q13241,0
P30990,0
O43156,0
Q6NXR4,0
Q9Y4R8,0
Q8ND04,0
Q9H0W8,0
P00374,1
P04818,1
Q15061,0
Q969X6,0
Q9H8H0,0
Q9NQ48,0
Q9HCN4,0
Q9UHW5,0
Q14508,0
Q969Q5,0
Q15669,0
P63010,0
Q13492,0
Q8WV07,0
Q9NRH1,0
Q9Y2T7,0
P41223,0
Q13427,0
Q9BW85,0
Q9NXE8,0
P83876,0
Q53GS9,0
O75554,0
P55081,0
Q2TAY7,0
Q8NAV1,0
Q96NC0,0
Q9BZL1,0
O14776,0
O43670,0
O60828,0
O75400,0
O95400,0
P09234,0
P49756,0
P52756,0
P84103,0
P98175,0
Q12972,0
Q14011,0
Q14498,0
Q15637,0
Q86VM9,0
Q8IWZ8,0
Q8N302,0
Q92733,0
Q99729,0
Q9BQ61,0
Q9BQI9,0
Q9NQW1,0
Q9UHR5,0
Q9UQ88,0
Q9Y2W2,0
Q9Y6A4,0
Q5H9F3,0
Q9UN30,0
Q8WXX7,0
Q9HAH7,0
Q9HCM7,0
O95503,0
O75526,0
O95104,0
O95232,0
Q05519,0
Q12872,0
Q13151,0
Q15020,0
Q562R1,0
Q8WXA9,0
Q9BRL6,0
Q9BTD8,0
Q5T848,0
Q6MZT1,0
Q6PRD1,0
O75916,0
O94810,0
Q96G75,0
Q00975,1
P48729,0
P49674,1
P43357,1
Q9UBF1,0
Q16790,1
Q8TBZ2,0
O94868,0
P55197,0
Q8TEK3,0
Q7Z6M4,0
Q96CB9,0
Q30201,0
Q6ZVN8,0
Q9UP52,0
P48436,0
Q9Y6Y9,0
P43356,0
Q92995,0
P08571,1
P43360,0
Q8NG27,0
Q9Y5V3,0
Q9HAY2,0
P16671,0
Q9Y2C9,0
O15455,1
Q9H0E2,0
P14778,1
P50616,0
P43364,0
P52735,0
Q92560,0
Q76L83,0
Q86V97,0
Q8WVZ9,0
P20338,0
Q9H1K0,0
A3KN83,0
P82979,0
Q14694,0
Q9BYW2,0
Q9NWV8,0
Q9ULD6,0
Q9Y4D1,0
Q8IXB1,0
Q9UBS3,0
Q4AC94,0
Q5BJF6,0
Q5TB80,0
Q8IW35,0
Q8TES7,0
Q96NL6,0
Q96ST8,0
Q9Y3M2,0
Q9Y592,0
O43159,0
Q9HAN9,0
Q8WU90,0
Q9Y295,0
P55039,0
Q9H446,0
Q92734,0
O95677,0
O95409,0
Q7Z7L7,0
Q8WV99,0
Q9HBE4,1
Q9HBE5,0
Q4KMG0,0
Q9BWV1,0
Q5JTW2,0
O95684,0
Q5VT06,0
Q96LK0,0
Q9UNT1,0
Q9C0D3,0
Q96GC6,0
O14678,0
Q9NUN5,0
Q16281,0
Q9NQW8,0
Q5VWK5,0
Q96AQ6,0
P09629,0
O00444,1
Q5VWP2,0
Q15468,0
Q15327,0
P52630,0
Q00978,0
O00139,0
Q5SW79,0
Q6ZU80,0
Q7Z7A1,0
Q53H12,0
Q9BSF4,0
Q9Y584,0
Q9Y5J6,0
Q96DA6,0
Q9Y3D7,0
O95613,0
Q8IY31,0
Q9NWB7,0
P21580,0
P60602,0
Q9BVV7,0
Q7KZN9,0
Q7Z7K0,0
Q96I36,0
Q9GZY4,0
Q9P0S2,0
Q8TE73,0
Q9GZS0,0
Q9NYC9,0
Q9UI46,0
Q92985,0
Q8WVR3,0
Q96QF0,0
Q19AV6,0
Q6NVH7,0
Q9UL40,0
Q8N4Q1,0
Q9GZN7,0
Q9Y485,0
Q9Y4E6,0
Q8TDJ6,0
O60573,0
Q6Y7W6,0
O75312,0
P55789,0
Q9Y463,0
Q96C92,0
Q8IU54,0
Q8IU57,0
P43026,0
Q9NZQ7,1
A5PLN9,0
Q9HAS0,0
O95711,0
Q99467,0
Q9NU22,0
Q13291,0
Q9BXF6,0
Q15759,1
O95342,0
P29350,0
Q7Z5G4,0
Q9Y397,0
Q9C0B5,0
Q2TAP0,0
Q96BY7,0
Q9Y484,0
Q9UKX7,0
O00629,0
O60684,0
P12270,0
P35658,0
P37198,0
P49790,0
P49792,0
P78406,0
Q5SRE5,0
Q7Z3B4,0
Q8NFH5,0
Q8TEM1,0
Q8WYP5,0
Q92621,0
Q96HA1,0
Q99567,0
Q9BTX1,0
Q9BVL2,0
Q9NRG9,0
Q9UL51,0
Q9Y3Q4,1
O60741,0
Q9P1Z3,0
P43080,0
P01116,1
P01111,0
O60602,1
P04198,0
Q13077,0
P21145,0
Q9H6T3,0
Q9NWS0,0
P68371,0
P40855,0
P56589,0
Q8TBZ6,0
Q9C0B1,1
P55851,0
Q9BQS7,0
Q9NP59,0
Q12891,0
Q9UBK9,0
Q6N021,0
Q9NYF8,0
P19429,0
P45379,0
P63316,0
P16871,0
Q969D9,1
Q9HC73,0
Q9H2X3,0
P00451,1
O95219,0
O00623,0
P50542,0
O60683,0
Q9BUV8,0
Q9UM00,0
O43353,0
P22303,1
P58400,0
P06276,1
P04114,0
P10909,0
P04264,0
P13645,0
P02768,0
P35527,0
P35908,0
P02533,0
P02765,0
P04259,0
P02538,0
P13647,0
P09871,1
P08779,0
P0DOX5,0
P68871,1
Q08380,0
P01023,1
P00738,0
Q9Y508,0
P98160,0
Q9Y215,0
O15146,0
Q13477,1
P05362,1
P20701,1
P35354,1
P16066,1
O14977,0
Q12884,1
Q96A70,0
P10826,1
P13631,1
P02671,0
P02675,1
P02679,0
P05121,1
Q13133,1
P55055,1
Q03181,1
P37231,1
P23771,0
P55317,0
P22736,0
P05120,0
Q96RI1,1
Q14994,0
O75469,0
P43354,0
P48443,0
Q14957,0
O15399,0
A6NIX2,0
P22459,0
P22460,1
Q13972,0
P22001,0
P51654,1
Q16322,0
Q9Y244,0
P43220,1
Q8TDN1,0
O60391,0
Q14003,0
Q8TAE7,0
O95259,0
P48547,0
Q8TDN2,0
Q92953,0
O95838,1
Q02643,1
P48546,1
Q8TDF5,0
Q92870,0
Q6NZI2,0
P25098,0
Q9UGN5,1
Q14722,0
O15527,0
P05771,1
Q04759,0
Q13002,0
Q16478,0
P06401,1
P39086,1
Q13003,0
Q09428,0
Q9HB29,0
Q9UHA7,0
Q9NZH8,0
O95760,1
P01584,1
Q9UPQ3,0
Q96L73,0
Q9Y4C1,0
Q9H3R0,0
Q96PM5,0
P78317,0
Q9UBS8,0
P55854,0
Q9ULJ6,0
Q9P0U3,0
P25092,1
Q16552,1
Q8NAC3,0
Q96F46,1
Q6PIU1,0
Q92624,0
O00291,0
O14976,0
Q96PD4,1
Q9BQ31,0
Q9NQU5,0
Q9Y5J3,0
Q05823,0
P30305,0
Q9NYW8,0
P54750,0
Q03989,0
Q13023,0
Q13772,0
Q08117,0
Q9HBE1,0
P27815,0
P82094,0
P20794,0
Q08493,0
O14595,0
Q9GZU7,0
Q9Y233,1
O15194,0
Q86W56,0
Q9Y6F1,0
P47710,0
Q9NWY4,0
P20711,1
P50579,1
O76074,1
P13995,0
P51843,0
P23769,0
Q13976,0
Q9Y6F6,0
Q14123,0
Q92826,0
P21359,0
O95238,0
Q05066,0
P16499,0
P18545,0
P35913,0
P13056,0
P49116,0
Q15629,0
P51160,0
Q13956,0
Q96IG2,0
Q9UKC9,0
O95164,0
Q8IW50,0
Q8IY84,0
P03973,0
P04350,0
P32455,0
P11309,0
Q8NBP7,1
P42338,1
P01130,0
P48736,1
Q8WYR1,0
P41586,0
O95563,0
Q9Y5U8,0
Q5T8D3,0
Q12796,0
P04083,0
O75556,0
Q96DA0,0
Q9NP55,0
Q15303,1
Q9P1Z2,0
Q8TDL5,0
P01275,0
Q86U06,0
Q92796,0
Q6P9F0,0
Q9HCD5,0
Q8NI08,0
O43150,0
Q16881,1
Q15424,0
Q92570,0
O43296,0
Q9UKL3,0
O00329,1
O00459,0
Q9BZ71,0
O00562,0
Q9BZ72,0
Q9UNN5,0
Q9Y4I5,0
O15164,0
Q14207,0
Q9BQA5,0
P09211,1
Q96PN7,0
O94811,0
Q96DB2,1
Q8N6T7,0
P09919,0
P41212,0
Q9UKV0,0
Q9BYK8,0
Q05516,0
P12272,1
O43175,0
P09683,0
Q06413,0
Q14814,0
P30988,1
P15328,1
Q9BY41,1
O14558,0
Q9UPR3,0
P01579,1
P15260,0
P38484,0
P31948,0
Q7Z4H4,0
P41143,1
Q5JY77,0
P35372,1
P41145,1
P41146,1
P08172,1
P11229,1
P34969,1
Q96D09,0
P25021,1
P01258,0
P35225,1
Q14627,1
P19474,0
P41180,1
Q99527,0
Q9NV58,0
Q99418,0
Q9HC84,0
Q86XT9,0
Q9H293,0
Q9NRM6,0
Q9HB45,0
Q8NFR9,0
Q9P0M4,0
P06881,0
P35318,1
Q8NFM7,0
P01286,0
Q96L42,0
Q9ULD8,0
P10912,1
O60658,0
O95263,0
O14793,1
P01241,0
Q9UQ05,0
Q8NCM2,0
Q14432,1
Q8IYM2,0
Q9UJ96,0
Q9UIX4,0
O95633,0
Q9H3M0,0
O95390,0
Q8N2S1,0
Q13322,0
P57789,1
P05114,0
P80404,1
P53396,1
Q13370,0
Q9Y243,1
P07327,0
P00325,0
P00326,0
O60858,0
P05091,1
P51649,1
P09917,1
P25942,1
P54284,0
P54289,1
P28907,1
P01903,0
P01911,1
P11912,0
P40259,1
P19883,0
P04234,0
P07766,1
P09693,0
P0DTU3,0
P0DTU4,0
P18627,1
Q96NY8,1
P09758,1
O95471,0
P36896,0
Q13705,1
Q8NER5,0
Q13946,0
O14508,0
P49746,0
P28289,0
O75081,0
O43823,0
Q9NP56,0
Q7L099,0
Q9NWK9,0
P30559,1
P55157,0
Q96G30,0
O43613,1
O76083,1
O43570,1
Q9BUF5,0
P00736,0
P32320,1
P21964,1
P37288,1
P30518,1
P31327,1
P30968,1
Q969F8,0
P00439,1
A4D0T7,0
P05108,1
P15538,1
Q16099,0
P11511,1
O95180,1
P47211,0
Q8NEC5,0
Q9P0X4,0
Q96P56,0
P47900,1
P10635,0
Q9Y5N1,1
P24530,1
P25103,1
P05181,0
P08684,1
Q9H244,1
P51788,1
P0DMS8,1
P29275,1
P20815,0
P11712,0
P52333,1
O60496,0
Q02763,1
Q16678,0
O75907,1
O15123,1
Q7Z2W7,1
Q9Y4C2,0
Q15389,1
A6NFQ2,0
P43146,0
Q8NER1,1
P35590,1
Q8NET8,1
O75762,1
P25100,1
Q5BKX8,0
P25106,0
P18089,0
P21918,1
P01834,0
P01857,0
P01861,0
Q14242,1
Q6UWF3,0
P08922,1
Q5BLP8,0
Q99435,0
Q13885,0
P16109,1
Q15116,1
Q8IZR5,0
Q9NX76,0
O75116,1
P49895,1
P16444,1
Q12882,1
Q96HC4,0
P02760,0
Q9Y2H0,0
P47755,0
Q9BR76,0
Q9BVA1,0
Q6UXV0,0
Q01064,0
P05062,0
P11413,0
P01308,0
O00408,0
Q9UHK0,0
P39905,0
P56159,1
O00170,0
P41220,0
P14324,1
Q13884,0
Q13425,0
Q13936,0
O00451,0
Q99748,0
Q13424,0
P10644,0
P53609,0
P08913,0
P18825,1
Q04609,1
Q14973,1
Q96EP9,0
Q3KNW5,0
Q12908,1
P22102,1
Q96RJ0,1
Q9ULW5,0
P04062,1
Q14108,0
P06280,1
P00390,1
O75030,0
P51693,0
P55011,0
Q96SB3,0
Q13621,1
Q9UJY5,0
Q9UJY4,0
P55017,1
Q9NZ52,0
Q5SWX8,0
Q4U2R8,1
P00751,1
P27918,0
Q96S37,1
P04035,1
Q9NSA0,1
P98077,0
Q99808,1
Q14542,0
P30531,1
P23975,1
P31645,1
Q19T08,0
P32754,1
Q3ZCM7,0
P32239,1
P32238,1
P28845,1
Q08378,0
P13945,1
Q96B67,0
Q8NCT1,0
Q99653,0
P35499,1
Q07699,0
Q01118,0
Q9NY72,0
Q92913,0
Q9UQD0,1
Q9UJW3,0
Q15858,1
Q92736,0
P56373,1
P13637,0
Q9H0Q3,0
Q13733,0
Q9P003,0
P51681,1
P54709,0
Q9Y2K6,0
Q9P0N8,0
P14415,0
Q6SZW1,0
P0DP24,0
P04233,1
Q9UKP6,1
P0DP25,0
P02708,0
P11230,0
Q04844,0
Q07001,0
P43088,1
P11274,0
P13866,1
P31639,1
Q13113,0
P52566,0
P06753,0
Q70Z35,0
P49763,1
A9UF07,0
Q9NP31,0
P69905,0
P02100,0
P69891,0
P69892,0
Q14699,0
Q6VAB6,0
P02042,0
P18505,0
P34903,1
P78334,0
P35625,0
P35414,1
P46663,1
Q9UN88,0
P47901,1
P14384,0
P21730,1
Q9P296,0
O00254,0
P08754,0
P52799,1
P98082,0
P02649,0
P35462,1
P07951,0
D9YZV4,0
Q00872,0
P35609,0
Q9Y2T6,0
P41597,1
P49682,0
P25116,1
Q96RI0,1
P55085,0
O94911,0
O95477,1
Q86UK0,0
Q13585,0
P32297,0
Q9UBL9,0
O95665,0
Q9NQ36,0
P20309,1
P30532,0
P08912,0
P08173,1
Q01959,1
Q99788,0
P32248,0
P25024,1
P32249,0
P32302,0
Q9Y271,1
Q9NS75,0
P16473,1
P23945,1
O94955,0
Q9H1C0,0
Q9NZD1,1
Q8TDS4,1
P49019,0
O43614,1
O14817,0
Q9H3N8,1
Q13639,1
P05023,0
P20366,0
P21452,1
P29371,1
P01133,0
Q99835,1
O95995,0
P20594,1
Q92633,1
Q9UBY5,0
P46093,0
Q15743,0
Q07108,0
P09486,0
Q86UT5,0
Q05BQ5,0
Q5QNW6,0
Q70SY1,0
Q71UI9,0
P35408,1
Q9BSK4,0
Q13258,1
Q9Y5Y4,1
P29218,1
Q16851,0
P20839,1
P12268,0
Q96G91,0
P30679,0
Q15077,1
P51582,1
O00270,0
Q15363,0
Q6LEU0,0
P00338,0
Q8WVD5,0
Q9Y5X5,0
Q8WZA2,0
P49146,1
Q9NYM4,0
P36888,1
P49771,0
P07098,1
P53618,0
P27338,1
P21397,1
P17096,0
P52945,0
Q8NHW3,0
Q9NZB8,0
P30613,1
Q06203,1
O14654,0
P09543,0
O15355,0
Q9BZJ8,0
Q9BZJ7,0
Q8IZ08,0
P78536,1
Q9H1Y3,0
P33032,0
P07477,0
P36021,0
O60291,0
P23921,0
P31350,0
Q7LG56,0
O00300,0
O14788,1
O43194,0
Q9UKW4,0
P41595,1
P16870,0
P28566,0
P07101,1
Q5T9C2,0
Q9UQC2,0
P34947,0
P50406,1
P46821,0
O75888,1
P50993,0
Q02223,1
O14836,0
Q96RJ3,1
Q53H47,0
P35367,1
P07202,1
Q6PKC3,0
Q9NRD8,0
Q9NRD9,0
Q15661,0
Q08648,0
P19971,1
P28908,1
P32971,0
B4DGM9,0
P40126,0
Q16739,1
Q86VZ5,0
Q16799,0
Q9NZH7,0
Q63HQ2,0
P02461,0
P11172,1
Q6UXX9,0
Q2I0M5,0
Q8TCC7,1
P27105,0
Q05940,1
P23280,0
O15354,0
Q9UBH0,0
Q8NI17,1
Q99650,1
Q6EBC2,0
P07711,0
P40225,0
P40238,1
Q9HBX8,0
Q04771,1
Q01650,0
Q9UK05,1
Q13873,1
Q9BQB4,1
Q9GZQ6,0
Q96P65,0
O75096,0
Q9BSA9,0
Q96A49,0
Q86UE4,0
Q9NXA8,0
P08100,0
Q9Y4L5,0
P35070,0
P22004,0
P07306,1
P07307,0
P15514,0
Q99075,1
P01135,1
O14944,1
Q6UW88,0
Q8IWE4,0
P61081,0
Q96GG9,0
Q6PH85,0
Q8NFJ5,0
Q9BUZ4,0
Q86VI4,0
P36915,0
P07332,0
Q8WU20,0
Q01668,0
Q9Y566,0
Q14449,0
Q8N441,0
E9PGT3,0
P08620,0
O96013,1
P22607,1
Q9P2D0,0
O15357,0
P07333,1
P09603,1
O15534,0
Q8N5V2,0
Q5VV41,0
Q8N1I0,0
Q2TAL8,0
Q8WTX7,0
P58004,0
P49840,1
P08631,1
O75563,0
O14544,0
P61221,0
Q9BRX2,0
Q9Y450,0
