pair_Degree,pair_LocalClustCoeff,pair_TriangleCount,pair_AvgNeighborDegree,true_label
-0.021526745341363854,-0.15091258270051086,-0.1525001884277953,-0.052438001725129677,0
0.013248161677597035,0.018072069633415448,0.05332233619981747,-0.049498614041614604,0
0.04885446702211362,0.027591289523638894,0.08638778370336837,-0.006643800300863677,0
0.04885446702211362,0.027591289523638894,0.08638778370336837,-0.006643800300863677,0
0.017686881921761856,0.035808014776760995,0.05937669912666662,-0.053659690899231505,0
0.005297628797524953,-0.03360674847382811,0.05689309578337226,0.0008189234863242945,0
0.0029805053596761513,0.02976501393988649,0.06589959862048968,-0.017522337993639222,0
0.0029805053596761513,0.02976501393988649,0.06589959862048968,-0.017522337993639222,0
0.05949859132768327,-0.13397939648088278,0.08491574113389011,-0.03074623936261921,0
-0.08119926186880704,0.02884227964928706,-0.2080297995798085,-0.061116092956985314,0
-0.031216794716742182,0.050603269564503894,-0.09020976610476733,-0.03697317002564828,0
0.004369883845910277,0.016597680036324627,-0.00808601748043646,-0.03453237404832948,0
-0.03173399535130897,0.009882213903384634,-0.008888316050831055,-0.04584049424628378,0
-0.03173399535130897,0.009882213903384634,-0.008888316050831055,-0.04584049424628378,0
0.03631062810562641,-0.13729098682190868,-0.037028115793494486,-0.0741269316563846,1
0.13842190882537686,0.01742333303651291,0.20899545044741052,0.06868047991279494,0
-0.03201440234374018,0.01707912218276612,0.014810909278750927,-0.023763314196455436,0
0.025805603538381815,0.03891534030091438,0.08560759126656335,-0.003932126381415642,1
-0.036988203054408426,-0.030415485533389658,-0.12720855069924264,0.018221076411931422,1
0.008942437188122113,0.02377002732810988,0.05925157605515903,-0.046778085925564844,1
0.01984067353817827,-0.14560806088965017,-0.01750181236530394,-0.04289746078599711,0
0.08673582998693176,0.024159083110163536,0.18588285933034082,-0.03627190204794769,1
0.06975547009376394,0.015103093283073138,0.07185123192104852,-0.00984962016075405,1
-0.016292248164686572,0.03937676046747541,0.01860550516585973,-0.04597989560344001,1
-0.016292248164686572,0.03937676046747541,0.01860550516585973,-0.04597989560344001,0
-0.016292248164686572,0.03937676046747541,0.01860550516585973,-0.04597989560344001,0
0.037899067556772255,-0.03354181920279593,-0.03864654190898614,-0.011707626321544075,1
-0.02511868488307356,0.06421350939100076,-0.08345426959951878,0.017205061407381414,0
-0.04601415343612267,-0.0856804332663693,-0.1797948465884527,-0.05707205501288926,0
-0.0783789057542823,0.03450428839510465,-0.20169546697406252,-0.03386670273692694,0
0.027269478955993135,-0.05183921467283454,0.0441361280886071,-0.03709787973572863,1
-0.01778056982787001,0.03618650472193913,0.03507186312021449,-0.05353270144590182,0
-0.010236243793350218,-0.05121127318169246,-0.027282870786384195,-0.05230062352028972,0
0.10861077912796124,0.013872648686471077,0.16408043704062159,0.011942212038795813,0
0.03882430282731531,0.023659162574976196,0.12498559358750158,-0.04182870136504597,0
0.03171039327338523,0.02202431786349041,0.049319894206840215,-0.008438196558450258,1
0.024446909319070734,0.020710492329812324,0.046093621721653925,-0.005687378275332219,1
0.03171039327338523,0.02202431786349041,0.049319894206840215,-0.008438196558450258,1
-0.006955932323702344,-0.0090788422792007,0.014630439107037225,-0.047010953314803226,0
0.13824671285405563,0.01704580745872241,0.2086812979749044,0.0695473539344128,0
0.12603459567794373,0.026739950365111093,0.18110851870575537,0.048293528177816854,0
0.007691787347555663,-0.03677728919406685,0.038857401223886354,-0.024751306035612566,0
0.01355507248329832,0.022151496001660907,0.061263588344938516,-0.011601079239434209,0
0.09626211795684815,-0.06555803796327465,0.22646066270265752,-0.011925118774188833,1
-0.03439254280685798,0.010179248694003898,-0.0041404658767728785,0.006965204236747208,0
0.022827731428148333,0.02579414570931015,0.027321056573581776,-0.039117684533304095,0
-0.0022646467396179528,-0.03456307691697714,-0.0731576396805998,-0.020853580667850067,1
-0.004268100070514554,-0.0376676319875305,-0.05617985441254208,-0.030814880498164877,0
0.065922357868187,0.011639412107795406,0.1932768336282987,0.008461677185228373,1
0.009088970833433015,0.02425566534331041,0.019997868708061743,-0.02602517890076891,0
-0.08126685925633416,0.030533971752654245,-0.20556498415722876,-0.05348800848929563,1
0.12568147484155015,-0.010716423854532293,0.18500714275898242,0.017695386873753143,0
0.04919118992519132,0.019597838229210334,0.1676053704984109,-0.020193953328721547,0
-0.015757855548903684,0.030419013990819317,-0.02204019246013562,-0.003072224497964703,0
-0.0038977971465562282,0.018835870363770706,0.0326232966565422,-0.04024053556898432,0
0.12370582040686531,-0.004079595013561022,0.1470116032651089,0.08539471795844399,0
-0.024613862691952655,-0.03857769033610103,0.011982550739635804,-0.06877918213492322,0
0.12348875324481216,0.00960644300474799,0.1498836317547961,0.0015454549791032474,0
0.006386949845227229,0.019048702780899228,0.04278326907094604,-0.008960653856671538,0
-0.0074327193597316515,-0.05458175904088811,-0.0003847103467638918,-0.055106529170503626,0
-0.048782611960987335,-0.093607842720553,-0.14802770413460503,0.08117483172528236,0
0.01314047057856952,-7.599611569769591e-05,-0.03526601330417389,-0.009777354123109053,1
-0.05404701050484896,-0.0978501723798708,-0.18825521495945596,-0.039959595321574205,0
0.13701824746436086,0.01895296774477741,0.20899381190484073,0.07269342200135148,1
0.13721537749787838,0.017897739864645556,0.20878678299610423,0.07375854875670229,1
0.13721537749787838,0.017897739864645556,0.20878678299610423,0.07375854875670229,1
0.13721537749787838,0.017897739864645556,0.20878678299610423,0.07375854875670229,1
0.14157272175413446,0.004936747685892541,0.2133825698689583,0.08545301485563692,1
0.13769475376499507,0.02021276815970423,0.20807312269223333,0.07167780449839783,1
0.13459099716605544,0.023308976911043586,0.20250096154905575,0.06366986030033639,1
0.13577339710177788,0.020030725744973648,0.20737074994457777,0.06481549542616077,1
0.07327608544989497,0.030033661297485716,0.08804954671794717,0.04291937080415991,0
0.04274730466401105,0.012648695651732458,0.027999916562317442,0.025061010637816614,1
-0.07771270857563159,0.028841182418817213,-0.20039545060571248,-0.022996773164258123,0
0.0066247888913403665,0.03109664257606776,0.04868724737505352,-0.047706943744981654,0
-0.06886244119058978,-0.0034238691154114625,-0.2189530230837128,-0.05752397339423312,0
0.02629414034841815,-0.03288075391158794,0.05352016561300683,-0.010304107313513274,0
0.022548505994353155,0.022848774229544594,0.07420749504189722,-0.009541973851425271,0
-0.07924365401723994,0.026684264676380274,-0.20793356987417141,-0.07349264667459383,0
-0.036875099069562614,-0.05001240900912041,-0.13173465465985493,-0.05813358284535012,0
0.007936890109095682,-0.15262147374610008,0.004655358818800675,-0.06079715541112533,0
-0.021573501437489626,-0.15376127954784924,-0.023618076229054177,-0.032050440902372274,0
0.011545044619164741,-0.03296341038656186,0.06130843205336094,-0.008353761972350092,0
-0.018943891398246412,-0.1583498819450019,-0.03820306684202944,-0.04393086099177155,0
-0.044030744940954256,0.04265955159457361,-0.11253711990892125,-0.013568905827081798,0
0.09650865137094668,0.028652781917264482,0.20018912007698755,-0.013856427087730586,0
0.0134763908161584,0.004606848769119979,-0.0017885578177506108,-0.01570061909816992,0
0.09650865137094668,0.028652781917264482,0.20018912007698755,-0.013856427087730586,1
-0.07879113588524714,0.025494097635482535,-0.2050226856645117,-0.0734695203505597,0
0.12433236479131005,-0.010902507940952759,0.15913662819398558,-0.00898437605650596,0
-0.03508623845145895,0.04457480443381214,-0.0988221677323588,-0.05616824150191442,0
-0.019388479000899916,0.02691222349921341,0.025892996509173274,-0.01770202204016888,0
0.10958327281471418,0.019444784955410077,0.14342590529541055,0.05834762299205911,1
0.03240448883967261,0.020908107580878903,0.0945418177564563,0.05745592309089368,1
0.03240448883967261,0.020908107580878903,0.0945418177564563,0.05745592309089368,1
0.10166253171396421,0.012372047917817718,0.1376177952670334,0.05415175021606501,1
0.03240448883967261,0.020908107580878903,0.0945418177564563,0.05745592309089368,1
0.12484681292431028,0.028320679560314668,0.18547137093989813,0.038839950797692605,1
0.040051649334192606,0.0268828709842548,0.11237081093658294,0.0413522177637533,1
0.018725979163960293,0.02355302661166359,0.05623179813203808,-0.05257662093755756,0
0.043695777874273124,0.026555034282597555,0.08145397852328884,-0.018758414998303257,0
0.018725979163960293,0.02355302661166359,0.05623179813203808,-0.05257662093755756,0
0.018725979163960293,0.02355302661166359,0.05623179813203808,-0.05257662093755756,1
0.018725979163960293,0.02355302661166359,0.05623179813203808,-0.05257662093755756,0
0.018725979163960293,0.02355302661166359,0.05623179813203808,-0.05257662093755756,0
0.018725979163960293,0.02355302661166359,0.05623179813203808,-0.05257662093755756,0
0.018725979163960293,0.02355302661166359,0.05623179813203808,-0.05257662093755756,1
0.018725979163960293,0.02355302661166359,0.05623179813203808,-0.05257662093755756,0
0.018725979163960293,0.02355302661166359,0.05623179813203808,-0.05257662093755756,0
0.018725979163960293,0.02355302661166359,0.05623179813203808,-0.05257662093755756,1
0.018725979163960293,0.02355302661166359,0.05623179813203808,-0.05257662093755756,1
0.018725979163960293,0.02355302661166359,0.05623179813203808,-0.05257662093755756,0
0.018725979163960293,0.02355302661166359,0.05623179813203808,-0.05257662093755756,0
-0.048782611960987335,-0.093607842720553,-0.14802770413460503,0.08117483172528236,0
-0.038665469766713895,0.02661024857898397,-0.11486972265512183,-0.0674765563703414,0
-0.0025126153556797887,0.0095561440974619,-0.0632504699465388,-0.014564538895878915,0
0.032333100696363706,-0.04756521091608019,0.04319684921595137,-0.057279309735905976,0
0.022064272637430313,0.032200991856502326,0.07440833975601323,-0.02351320755425478,0
0.0343192636852798,0.01937886373621547,0.04384823227446292,-0.010204319179891723,0
-0.018307215464715004,-0.12048940278963406,-0.13855693740351194,-0.03238999054811169,0
-0.07419395972828197,-0.09139012090953721,-0.19573587327528286,-0.055653112395641004,0
-0.004207548922973332,-0.04408328113907232,0.001556076293515604,-0.027087617749282998,0
-0.01389401713538194,-0.10717091097701867,-0.035001208862407866,-0.030330863657965234,0
0.050352689122744765,-0.14493339682280948,-0.17401066513421262,-0.03543107627351706,0
0.0017315491752134052,-0.17264020914087205,-0.044862937554212695,-0.04633599432699465,0
-0.04624494138829406,-0.04051117781134663,-0.18630454341095065,-0.03836909131234518,1
0.0184923087504447,-0.03518626867346882,0.024476874965553893,-0.014272578489241725,1
-0.02705890682544307,-0.12694028803595853,-0.1317342123743867,0.011300135501391141,0
0.00935349637694278,-0.06390555153335548,-0.04085471308608027,-0.007671119121673646,0
0.02815735355827132,0.0036899820560892726,0.03814867442690719,-0.009058933764319812,0
0.08096327334776925,-0.06680563855050385,0.1971422690885104,-0.002497929695765952,0
0.015280168196047259,0.020670894250475146,0.051121501032011116,-0.005272729010983624,0
-0.010256208951476218,0.023245074201074085,0.03059369155260467,-0.01838499478380995,0
0.023021329619149968,0.03621981551313345,0.07902715159993098,-0.01427112958755679,1
0.02063720116115975,0.0274008812581648,0.07935041015607326,-0.015343008754901025,1
0.02063720116115975,0.0274008812581648,0.07935041015607326,-0.015343008754901025,1
0.02063720116115975,0.0274008812581648,0.07935041015607326,-0.015343008754901025,1
0.029941772216851556,0.019089818092862303,0.04657325730433601,-0.010963062243764287,1
0.02063720116115975,0.0274008812581648,0.07935041015607326,-0.015343008754901025,1
0.02063720116115975,0.0274008812581648,0.07935041015607326,-0.015343008754901025,1
0.02063720116115975,0.0274008812581648,0.07935041015607326,-0.015343008754901025,1
0.02063720116115975,0.0274008812581648,0.07935041015607326,-0.015343008754901025,0
0.0638210770450833,0.017151206499858095,0.027845661566637588,-0.008690855784216989,0
0.019369238437865807,-0.16540989470893666,-0.023020140189478632,-0.0680351135891774,0
-0.03602582494977115,0.0446137407992255,-0.09988254871890877,-0.059464049686752396,0
0.13621982502281915,0.019341700597383573,0.20365367256374878,0.060329866829186764,1
0.031465288860824794,-0.037890385475673256,0.04868678422553663,-0.039186290546641876,1
-0.04013021136902613,0.04669348104675352,-0.11741198743427268,-0.0560665795978129,0
-0.0032688741717121442,-0.035343785904681256,0.017578719641961553,-0.0009780056421962882,1
-0.018086746093613337,0.01813242366403588,0.023211890163584395,-0.011860703601692668,1
0.12169561237111136,0.025826701880528276,0.17514804118346614,0.04084055797059937,0
-0.020212948621509158,-0.16751697064219204,-0.03533324013666671,-0.04261288664281863,0
-0.01893161366673204,-0.14524246293834595,-0.042497629681588274,-0.03506828180634641,0
-0.044825417073523124,-0.09638131466464372,-0.18150958494166808,-0.041598206396851876,0
-0.057180097125815746,-0.04077881236712689,-0.19717035248917722,-0.031042150878071235,0
-0.08078204437570174,0.031006253587205723,-0.20669213650724055,-0.04903366016011266,0
0.008134988737741133,0.031103259499900313,0.04908847823683903,-0.04962499137700046,0
-0.019189774278226584,-0.14717128869827084,-0.04179137606059094,-0.03261112838138854,0
0.008642468831505575,0.030853656883837715,0.05648115038749873,-0.026546816895927697,0
0.010514396370084021,0.01843988829887125,0.055182321715042185,-0.018076311237438428,0
0.0017056581591198188,-0.15203694279843555,-0.004623986418931404,-0.010455398597184805,1
-0.0008659438465454213,-0.09339482053831814,-0.03473801789626706,-0.008715423231092308,0
-0.030626014662370266,0.007732601002200381,0.007386926593016594,-0.014393020754373232,0
0.012153962643410645,-0.15311220118140273,-0.15369434432826176,-0.04943523670021921,0
-0.016649793815028634,-0.15939890894077224,-0.06118187913406444,-0.00971084867511404,0
-0.06098318635898095,-0.02730247730861273,-0.19632404053640792,-0.05219333903047536,0
0.08015809093529287,0.027622575550982444,0.18081847361061718,-0.0295312289016429,0
0.08015809093529287,0.027622575550982444,0.18081847361061718,-0.0295312289016429,0
0.08015809093529287,0.027622575550982444,0.18081847361061718,-0.0295312289016429,1
0.05449652231707409,0.004735917410768483,0.14230454357017938,-0.021627363274295132,1
-0.03107666769906998,0.008501067281530031,-0.0028048811531632984,-0.04436453615377372,0
0.019041340760032065,0.02216352275332408,0.07786421813259495,-0.0028658036652665477,0
-0.048782611960987335,-0.093607842720553,-0.14802770413460503,0.08117483172528236,1
-0.048782611960987335,-0.093607842720553,-0.14802770413460503,0.08117483172528236,1
-0.04209498630996577,-0.04414040628934139,-0.14766743502521376,-0.04990134122464024,0
-0.06854608303487629,0.038692832821965666,-0.16647595999541281,0.013775965683623478,1
0.10454727615729666,0.009232901826017458,0.14111540025345878,0.002015045745383395,1
0.0024235519545515566,0.016274253586361233,0.024256551816698498,-0.03657023280541887,0
0.018333897858936035,0.012598212279892525,0.03542240909601389,-0.03902918607258781,0
-0.012655754813411588,-0.048456364981772165,-0.03018855271822034,0.01587483548597663,1
-0.0813728905127985,-0.11389955544463413,-0.1841045879533038,-0.015510567685735773,0
-0.07468808923208745,-0.09011561615026883,-0.19112294909192407,-0.06276640968353227,0
0.003731190909843776,-0.15857529011906382,-0.04345719007308761,-0.05814598015458477,0
-0.048782611960987335,-0.093607842720553,-0.14802770413460503,0.08117483172528236,0
-0.017598634984829897,0.015302342642773026,0.01908559579713657,-0.025459895203260197,0
-0.01282427903029245,-0.08583404071511849,-0.024549718444746637,-0.01623482422049765,0
-0.03912959952006398,-0.026066360616501808,-0.1410129626541833,-0.040850811391967716,0
0.02063720116115975,0.0274008812581648,0.07935041015607326,-0.015343008754901025,1
-0.002651128015007733,0.02873094147980084,0.04647409180189486,-0.015602328568097415,0
-0.07396930438265614,-0.09010389997009892,-0.1927340746713236,-0.06188578513373396,0
-0.07396930438265614,-0.09010389997009892,-0.1927340746713236,-0.06188578513373396,0
-0.07464926138129152,-0.08983073655194432,-0.1917997981335488,-0.0624132680910279,0
-0.02358700676530404,-0.15291560182746494,-0.13446909383342542,-0.0477940386097663,0
0.00018803291089035097,0.012635526052119967,0.031497665132024205,-0.04419413534214058,1
-0.015437451197937298,0.04015541340962035,0.010091541162268866,0.00023398524426407585,1
-0.03274863028682236,0.01182225128921978,-0.016052436152767295,-0.002626540435280796,1
-0.0024194788711566872,0.028417693573954243,0.04702220821544721,-0.004155328186017934,1
0.11466641122451147,0.02271406918926478,0.150279410480346,0.05537033543537471,1
0.11338295997275218,0.022939030814458024,0.14755849304752797,0.05098166315954904,1
0.13472711854886366,0.021054611948695443,0.20428498025377126,0.06383015678917955,1
0.10174049901473503,-0.015192241700648779,0.12983803341564112,0.039782158419829385,1
0.11338295997275218,0.022939030814458024,0.14755849304752797,0.05098166315954904,1
0.135366492326925,0.021365688915275703,0.2081488548546744,0.07193926746635976,0
0.13565519691064198,0.022663967298245675,0.20701310808042042,0.07148803127392683,1
0.11243409670519984,0.014399561170138044,0.1506844231923948,0.05961250742262379,1
0.13618548808363445,0.021170824886063148,0.20806364274262332,0.07207043142119826,1
0.10174049901473503,-0.015192241700648779,0.12983803341564112,0.039782158419829385,1
0.10174049901473503,-0.015192241700648779,0.12983803341564112,0.039782158419829385,1
0.137384162373705,0.01801004596523111,0.2005025023387255,0.05090941589206182,1
0.1379852688538958,0.01809123553271195,0.20903729549818337,0.06840737233730415,1
0.11338295997275218,0.022939030814458024,0.14755849304752797,0.05098166315954904,1
0.11466641122451147,0.02271406918926478,0.150279410480346,0.05537033543537471,1
0.11338295997275218,0.022939030814458024,0.14755849304752797,0.05098166315954904,1
0.13701176537045387,0.019422762021919265,0.202809360111811,0.06030117750895409,0
0.11466641122451147,0.02271406918926478,0.150279410480346,0.05537033543537471,1
0.12990793581169122,0.01763727865927454,0.190645457420289,0.04800626995329132,0
0.13139240435231678,0.019044168734678815,0.19502599167807433,0.05215123173910393,1
0.1357854915515242,0.022951571225738703,0.20831341297306794,0.06918178784822043,1
0.008673909103803553,0.02150889008185522,0.07995117781657333,-0.00419399906043269,0
0.003224980168011559,0.027100918170641777,0.07587215755231894,-0.007831448346155786,0
-0.035826322894238115,0.001254741347130107,-0.1119070880119564,0.0023332058569566173,1
0.007450384315377909,0.027105846969690008,0.05491212287073974,-0.017790034897237787,1
0.02863996208102146,0.020579735033387277,0.035625763859128266,-0.03136295619202717,1
0.0006474390249063043,-0.02779516440487361,-0.05275960191171051,-0.01385529267177938,0
-0.015717636882336582,0.0408811746677958,0.010169738172020026,0.00019813941642398374,0
0.023608703059158038,0.020948216073144975,0.03090172092476475,-0.03658413605589991,0
0.10286440728084272,0.020495140277923266,0.12372715950097048,0.06149916298968285,0
-0.015023139307260439,-0.04069503641508692,-0.004790736429436929,-0.011570666593780123,1
0.09468550780220618,0.01736952682941706,0.12476998301185577,0.04786468367662945,0
-0.03820914368277365,0.012064613926933209,-0.10686469829432518,0.00554714112895959,0
0.062481253994687055,-0.0042527671975054115,0.1837900065255535,-0.009976727164284726,0
-0.050450416423687444,0.006360542162898866,-0.13108063179644086,0.016495395538282068,0
-0.04835726016153533,0.031902348646826485,-0.10326971971026874,-0.011917059874142016,0
-0.056266487872575884,-0.09081399071545876,-0.18979900113191184,-0.05358250914021713,0
0.025294072209487175,-0.08790138491548652,0.036674388091450814,-0.031996358651771396,0
0.009591962885646194,0.02272613648304051,0.05911960772392647,-0.044864612131328085,0
-0.028238644693814208,0.02479451454438053,-0.03352682933065424,0.009530909351714491,0
0.06245205470888914,0.013394563725151794,-0.00854661063971076,-0.02333446023279888,0
0.0039031500373049328,0.015610139879875966,-0.02197253387979444,-0.027232117178919917,0
-0.013912983649103048,0.008290013142387458,-0.031560979217776244,-0.005530312886310693,1
-0.03466485732020075,0.013504028019881981,-0.12235195267305297,-0.046827307082591814,0
-0.032395019103025786,0.05799719242323009,-0.10358090561958504,-0.020721612333981402,0
-0.032395019103025786,0.05799719242323009,-0.10358090561958504,-0.020721612333981402,0
-0.032395019103025786,0.05799719242323009,-0.10358090561958504,-0.020721612333981402,0
-0.011167594230865325,0.041614304799686856,0.0353235692929122,-0.01069599759565125,1
-0.023237630036205166,0.035369732972558646,0.025365818238991485,0.0018370595954445993,0
-0.013512176005863182,-0.11388904349965807,-0.04354592705948694,-0.04495927921914332,0
0.03494665673906666,-0.03038516017125587,0.04986793891926555,-0.01602842437664789,0
0.02519529280484404,-0.0337354290804685,0.02689426883648964,-0.005926807604006937,0
-0.07880283633046896,0.02883116215152285,-0.2001579124612178,-0.022134163286621118,1
-0.020238168724044322,-0.14107268379239168,-0.04546545246688952,-0.0452628797239023,1
0.0094047954830236,-0.06617568600797032,0.010401941746669719,-0.03938525959400335,0
-0.019685277513434078,-0.16969590436246657,-0.04893844585378221,-0.05575976732615894,0
-0.010372289657053002,0.0248243101819673,0.028180526996265276,-0.033916515850813574,0
-0.0313125415279649,0.008559169721291601,0.005614813783303698,-0.00589231078665325,0
-0.020363063474290077,-0.1495155235285919,-0.0378826943589324,-0.04674551457489466,0
-0.08126685925633416,0.030533971752654245,-0.20556498415722876,-0.05348800848929563,0
-0.032545212994036024,0.0036642748885724256,-0.08577688156880246,-0.006037823228922498,0
-0.032545212994036024,0.0036642748885724256,-0.08577688156880246,-0.006037823228922498,0
-0.04778483710226881,-0.0073332707605983215,-0.13971598462308168,-0.033713623151528704,0
-0.07058070600564682,-0.0894857567603228,-0.19377155583100683,-0.04808580558501081,0
-0.04426622347754245,0.039960051313031694,-0.11584208927355738,-0.06138540624447027,0
0.04315112533624559,-0.03321189352609344,0.007002572391344704,-0.029171593551069488,0
-0.04276431211145202,-0.04394049379874777,-0.14728299520579377,-0.050726130255015295,0
-0.0785154054682273,0.02546152274243492,-0.20474827396419643,-0.07398708757484718,0
-0.09669205832953005,-0.09923418928902927,-0.20249794626527576,0.011834350729693114,1
-0.015832485940397312,0.03993656545000388,0.01802046544337449,-0.046414423087772536,0
-0.038846994675400204,-0.06045037510118018,-0.11239625325381558,-0.03428327258401295,0
-0.04962981723131519,-0.008930948118781179,-0.14043446738400525,-0.03568513086519777,0
-0.021748411396375237,-0.15536667951199026,-0.14623428664639668,-0.046307145326639904,0
-0.046198597244777845,-0.03933211869151102,-0.1873328077209126,-0.03856623026573503,0
-0.1369103146746885,-0.1197197002137513,-0.18541352781780662,0.009396784830111657,0
-0.1369103146746885,-0.1197197002137513,-0.18541352781780662,0.009396784830111657,0
0.043680768187891995,0.01614702305655298,-0.010641304599859848,-0.04251387705587356,1
-0.0249766289466545,-0.13676437624039936,-0.13760224279512542,0.009183546852153064,0
-0.1369103146746885,-0.1197197002137513,-0.18541352781780662,0.009396784830111657,0
-0.1369103146746885,-0.1197197002137513,-0.18541352781780662,0.009396784830111657,0
-0.005466177822920377,-0.05448019726963997,0.017176653093834714,-0.03958760841452932,0
0.05209606579792841,-0.012784469087278158,0.13465509633612952,-0.015503207021530019,0
0.025663077670340206,-0.1426075556982095,-0.05014905651053405,-0.040855029534235934,0
-0.011511054093826429,-0.08919274706438414,-0.03190438273679874,-0.05559113340077866,0
0.017532520893855662,0.013409962049442748,-0.04323637747549171,-0.01190054802708146,0
0.0873723731847946,-0.13811893752489898,0.17682405130136572,-0.0036450643558981295,0
-0.04735399682992398,0.0319958181323072,-0.10364561888303901,-0.01376439742001552,0
-0.06843330570365537,-0.0036767484473359626,-0.21884731384903575,-0.05780593878392007,0
-0.037749717264937976,-0.009699287459624336,-0.1175306247673211,0.025797410186923258,1
0.008142883566676098,0.021291243298319065,0.054554562881742014,-0.047601504884812365,1
-0.005413357969319427,-0.0566072011543842,-0.02582465650048154,-0.05248448937266348,0
-0.05857749617982506,-0.02756269420544235,-0.19205182416673316,-0.06152669806963993,0
-0.005486605034501646,-0.037789133259962825,-0.05456670617357065,-0.04576610069267628,0
-0.042205439509604675,-0.014206540437638929,-0.17576410335841744,0.0037436037593843157,0
-0.05965790298352052,-0.036181347721043006,-0.19902400109737733,-0.03945317204812467,0
-0.02058111610696284,-0.13344240999481333,-0.19347623434065364,-0.04435924487559028,0
-0.043780023404429665,-0.09012644078358804,-0.17439600534781505,-0.04628996077311548,0
0.015107993995291545,0.023587368004277666,0.055114050667706985,-0.04842825586121849,0
0.011746337098659151,-0.18722247035976147,-0.0009321816739626902,-0.031035539243875393,0
0.007868745186791716,-0.14912500294611078,-0.01089978330413672,-0.050783211865682826,0
-0.03662772024954442,0.04361637104514154,-0.09975108851334347,-0.06528210790407774,0
0.05803139003746149,-0.17480083315823639,0.005940776178031529,-0.03207361284552833,0
0.0036208393452298927,-0.17222948922014011,-0.013765191532009495,-0.0386176663099871,1
-0.04094100743012958,0.042178227274104606,-0.11387617960458071,-0.07063058137442355,0
-0.006765971270370393,-0.036239991779326165,-0.11695445601172993,-0.04169589426824966,0
-0.037865443421571665,-0.04150798681306487,-0.1361234385479169,-0.056038241820007675,0
-0.039272970730568214,-0.016356900649144968,-0.17474296164102193,-0.05697253889493263,0
-0.07362778725821431,-0.0059306789471534355,-0.21195778757235223,-0.033849472241125236,0
-0.002919263762763551,-0.05853744850620024,0.011614503114581967,-0.05207062872676643,0
0.029180201171627774,0.01582536492060784,0.060232176577928086,-0.03273861945130556,0
-0.07956555536763919,0.024835603822653603,-0.20294656369198874,-0.07316835402787163,0
0.03774531907721677,-0.13503873638361272,0.018635928276777874,-0.010927282325331241,0
0.013428642901750307,-0.15361265387403447,0.0025511524090659618,-0.05598541799615076,0
-0.043654994022696014,0.008029694900843858,-0.13557707384145937,-0.053396222799952806,0
-0.019999329819264847,-0.13159198476439293,-0.05767900378883284,-0.054416639587805724,0
-0.015521262896673686,-0.17104834387449483,-0.05548989554660231,-0.05811751689279467,0
-0.07001062289431924,0.039847280073141395,-0.17827476163113304,0.018974780503971552,0
-0.07001062289431924,0.039847280073141395,-0.17827476163113304,0.018974780503971552,0
-0.06879050538321406,-0.0031291112907989075,-0.20907538534569814,-0.05951298905559898,0
-0.07993594555758059,-0.11020095774888684,-0.18302961311918453,-0.018687169841160162,0
-0.01905032855152502,-0.1486421897299381,-0.037695689949542296,-0.03678027268961301,0
-0.029810344915486703,-0.015020881436073203,-0.10200973080767413,-0.03988506401160377,0
-0.045379642644561284,0.04315484446756264,-0.1128236907439034,-0.011988176888194781,0
-0.04176541469513131,0.04220805033338134,-0.11336681657501557,-0.06847017869077535,0
0.055915699776448134,-0.058652714992696524,0.03073192221382518,-0.044655951165116725,0
-0.07225335366253018,-0.0038916972678652213,-0.2097260546734179,-0.010440179626193891,0
0.0028435603636099926,-0.036192196714124866,0.031338460661358265,-0.05265981871699692,0
-0.03983127985063361,0.04566582532745407,-0.11708659287773923,-0.05644053918924663,0
-0.0451544356521924,-0.08947807657867332,-0.18427822629119275,-0.04996669098697664,0
-0.035112003849863245,0.0032449263167693755,0.009858573710590773,-0.020969265106570684,0
0.010777605464847973,-0.18749260468458984,-0.010769786109001967,-0.040863209605723594,0
-0.024795655605349624,-0.12751652117756238,-0.12977536956648378,-0.054062715647340574,0
0.011044010736522974,0.023322386458617065,0.04963329928035401,-0.021277698656222983,0
0.023234620905945372,0.020415298721439313,0.04529671501158667,-0.00621153740585563,0
0.0033010654505097768,0.024717790041027646,0.04615482549530545,-0.006775704282740202,0
-0.014534387358155931,-0.12614174851201967,-0.1789950898239807,-0.05977665832749964,0
0.027684714451665163,-0.035036052724099986,0.029034279523316,-0.007067059060669494,0
-0.0431540659146408,0.04298833965638465,-0.11836807847589571,-0.06436468182653564,0
-0.07964939993770372,0.026760072693496093,-0.2099683639855127,-0.07048634056307022,0
-0.06033126891913681,-0.027129173636713876,-0.19577665458590995,-0.05327906491081516,0
-0.04082945255898096,0.04563379074865221,-0.1170832118527317,-0.05754105210914421,0
0.13528634842397028,0.026715431877495553,0.19583021963578426,0.05316768982770591,1
0.07932607678997995,-0.008426374212207656,0.16087426289744927,-0.012336080404985487,0
-0.022570997145648513,0.02841629199260476,0.023367874994977528,0.010239957471437222,0
-0.046168635746019475,0.04415368062703914,-0.11434533494447455,-0.0056861232701975045,0
-0.05551759261003764,-0.09406725907309785,-0.19019005116749735,-0.04605879131116433,0
0.027871891855194026,-0.1604814770675424,-0.02946473883078321,-0.06504947487886643,0
-0.04355438927925649,0.008382646663550673,-0.13514638888784936,-0.05181264778404636,0
-0.04090910575705662,0.02685903599142022,-0.11790524016729234,-0.06177642194583594,0
-0.04090910575705662,0.02685903599142022,-0.11790524016729234,-0.06177642194583594,0
-0.002916960610121111,0.018786260686175525,0.03445034034805361,-0.03954950050855283,0
-0.03472926919912704,0.04188401036056053,-0.10042540682164851,-0.06565180404635129,0
-0.03168339935202386,0.02021119293049294,-0.007514733631179765,-0.04373129028231336,0
-0.03168339935202386,0.02021119293049294,-0.007514733631179765,-0.04373129028231336,0
-0.07170250485675538,-0.09114101251665878,-0.1914748501277116,-0.04604171673074428,0
-0.009570498015095533,-0.045037752505443396,0.0005556592082768673,-0.03220395184627968,0
-0.048782611960987335,-0.093607842720553,-0.14802770413460503,0.08117483172528236,0
-0.01680941017565659,-0.0346848290151699,-0.01910487765376036,-0.014841152457509724,0
-0.029810344915486703,-0.015020881436073203,-0.10200973080767413,-0.03988506401160377,0
-0.020793172580146426,-0.15542695596120673,-0.032507863374303045,-0.057982642876856186,0
-0.009403136998667419,-0.03546088842011159,-0.021384055643020327,-0.050105648694410775,1
0.005786418481772063,0.027233504371674235,0.07829278917216458,-0.0047469720083245905,0
0.005786418481772063,0.027233504371674235,0.07829278917216458,-0.0047469720083245905,1
0.005786418481772063,0.027233504371674235,0.07829278917216458,-0.0047469720083245905,0
0.005786418481772063,0.027233504371674235,0.07829278917216458,-0.0047469720083245905,1
-0.047882079747552174,-0.01012842496830303,-0.13517500456855472,-0.024945865558459367,0
-0.0478527061120664,-0.034917136964008826,-0.18962509731478808,-0.0466617328242051,0
-0.07298035713944355,-0.00524884741089328,-0.1847720706046366,0.0036825669921086487,0
0.10583207856886814,-0.013690210500836847,0.1302365272744782,0.0572029840473124,1
-0.07993594555758059,-0.11020095774888684,-0.18302961311918453,-0.018687169841160162,0
-0.08016895531835545,0.02797850064860382,-0.20252391258813146,-0.045785030254521,0
0.008187812687282232,-0.17187147207751752,-0.028892977346665467,-0.02878412502185835,0
-0.007369988934245591,-0.03657102377367276,-0.12226542458922583,-0.04893955029552464,0
-0.07419395972828197,-0.09139012090953721,-0.19573587327528286,-0.055653112395641004,0
-0.08155826714674547,0.030420049043096795,-0.2065332398682673,-0.05381450716692429,0
-0.07084353191276231,-0.09343927000705234,-0.19132790207752576,-0.042443585920372624,0
-0.008699626328748994,-0.05674285446318631,-0.03032798527690767,-0.055382853907751786,0
-0.05018635329065433,-0.09763505074256235,-0.17496484581875632,-0.01631133123046182,0
-0.04673800731707822,-0.10529604016142351,-0.19052574731306135,-0.043746834440851166,0
-0.04632341705034975,-0.09317581535361581,-0.18309968080795738,-0.05386412534649165,0
-0.08052127077995251,0.028135709706780462,-0.21161442131456026,-0.061496896169266596,0
-0.012740909186928124,-0.09309936871885932,-0.03969501480109024,-0.05863394167293186,0
-0.08119926186880704,0.02884227964928706,-0.2080297995798085,-0.061116092956985314,0
-0.06214011438899186,-0.029068670241821547,-0.2042894569212731,-0.05657693821132313,0
-0.007444760121997517,0.01378825083814301,0.0339548099526976,-0.028481089226491868,1
-0.0034275742840552455,0.017000290682753622,0.02704049519616175,-0.022192286907226858,1
-0.06211825598973985,-0.02915526568376335,-0.20401266650488314,-0.05678899158502329,0
-0.013152003743645871,0.02479736784081954,0.038791850717935894,-0.016414549069732463,0
0.08087326860522652,0.006179714607199433,0.19037743952533767,0.0028588783039976847,0
0.008315940589004782,0.023223308964928663,0.03906724314781689,-0.006987566059488752,1
0.07034644956679705,0.017524498949203233,0.061753555087141,-0.009143401462829695,0
0.07034644956679705,0.017524498949203233,0.061753555087141,-0.009143401462829695,1
0.12675939190373925,0.023118122097737552,0.16542829154599203,0.04555667877067577,0
-0.051523770875673204,0.06029813484528191,-0.15267203941428797,0.06644132239267302,0
-0.07771270857563159,0.028841182418817213,-0.20039545060571248,-0.022996773164258123,0
0.001365599514668978,-0.059479776078622426,0.02213612277306632,-0.023498567714035492,0
-0.042870748105691775,-0.025786917675520278,-0.12038154092073428,0.02274603763583995,0
0.11233191743374639,0.02476687587752208,0.15920617402684478,0.03609936130586979,0
-0.03024187719742982,-0.03120533144371111,-0.10793156501178387,-0.04015392330556721,0
-0.07084353191276231,-0.09343927000705234,-0.19132790207752576,-0.042443585920372624,0
0.06678445983867215,0.029569592300142195,0.07166043607901539,-0.007437553217706149,0
0.13335609860348308,0.019663240159284414,0.20015990252180932,0.05056605560730496,1
-0.02554532273730975,-0.09930710111237548,-0.14439287159181077,0.07967156603288618,0
-0.06234191494753828,-0.028997194472770042,-0.204873499917556,-0.05586257042554532,0
-0.07450592993382994,-0.09052299408877001,-0.18854550081710403,-0.06272026471830551,0
-0.04891810149147239,0.044330414809101035,-0.11051415284996205,0.003753511628342095,0
-0.014507242347881944,0.03996268845818187,0.01709779134170595,-0.053327026895469906,1
-0.007781365012189224,-0.06338767643833625,-0.030109681028612695,-0.054238616800065524,0
-0.039097190384042,-0.010136083383618075,-0.1156837246404262,0.015311820407182278,0
0.04973809473349946,0.0032527766642017233,0.16175287279316497,-0.031667015834709676,0
0.0031330240261074715,0.01963055988225409,0.034893335046886416,-0.013052582724704529,0
0.02992166006816148,0.015398378092508169,0.05051680819199166,-0.04253026935919281,0
0.12602770044403683,0.02620578025559453,0.17886927492890317,0.04849020810861205,1
-0.05857749617982506,-0.027258837986892215,-0.19146901802968014,-0.060575963096105,0
-0.046859078113381226,-0.09427126514492518,-0.1855176194044055,-0.05645499251728991,0
-0.07975262156609374,0.02477123607234903,-0.2039685924203504,-0.07189489135075083,0
-0.06331667133777572,-0.02803870610390838,-0.1972421758388415,-0.04625128936446478,1
-0.053991368467907364,-0.00028376979281717645,-0.18771422616722422,0.018979434279690045,0
-0.0783789057542823,0.03450428839510465,-0.20169546697406252,-0.03386670273692694,0
-0.053991368467907364,-0.00028376979281717645,-0.18771422616722422,0.018979434279690045,0
-0.06214011438899186,-0.029068670241821547,-0.2042894569212731,-0.05657693821132313,0
-0.07067280161870258,-0.09667990547372997,-0.18986125676239515,-0.03764424174191135,0
-0.04812167377893628,-0.11886502793164039,-0.13057161031993822,0.0005494962035660162,0
0.0066871751150249,0.01383730384030011,-0.017333765852962424,-0.05222616779645351,0
-0.029077917414433652,0.016513047679883305,-0.10522828193467636,-0.014914741746225181,0
-0.07835040959791037,0.02576176049102285,-0.20541351831946603,-0.07306589262602844,0
-0.04678804016121797,-0.019013206908188224,-0.1872021897072864,-0.05423628653353095,0
-0.07566083963142085,-0.08961243808252516,-0.18400860993621107,-0.06531195412148329,0
-0.1369103146746885,-0.1197197002137513,-0.18541352781780662,0.009396784830111657,0
-0.07604421073130344,0.02485142826864641,-0.19984857412349813,-0.08166644041283663,0
-0.03660957112251545,-0.016887260094153506,-0.13320282398156227,-0.047983974840825484,0
-0.051523770875673204,0.06029813484528191,-0.15267203941428797,0.06644132239267302,0
-0.02554532273730975,-0.09930710111237548,-0.14439287159181077,0.07967156603288618,0
-0.03349731569926979,0.02756572496989029,-0.0014994903301930468,-0.04275822318524468,0
-0.016994623515396,-0.15248155875883748,0.005046952206364193,-0.026120275804344086,0
-0.0026207886615999846,-0.04125715992727436,0.007663065163806164,-0.023873442528014318,0
-0.03484364309347022,-0.007366198975936791,-0.11470285713192363,0.026073125852253107,0
0.004247814382813528,0.029201714943144042,0.06595575874741283,-0.02186764012131398,0
-0.030628315612593635,0.06018392829942717,-0.09724303408105467,-0.004750277154816915,0
-0.07975262156609374,0.02477123607234903,-0.2039685924203504,-0.07189489135075083,0
-0.03683365370831585,-0.003835916386487973,-0.10629147410637806,-0.022641662584654953,0
0.008899222814660582,0.03167270400346192,0.05916396081893918,-0.018518869171957098,0
0.00834485660168186,0.03104395267960618,0.06108957445045187,-0.005511605539497818,0
0.005212843518037906,0.028138102726833064,0.07813044572610929,-0.0077463099028370576,0
0.06601802518426687,0.027900526441668058,0.017912265904933576,-0.017190893689784086,0
0.005067228196821434,0.028279146787025932,0.0684867291031735,-0.01883908931863756,0
-0.051523770875673204,0.06029813484528191,-0.15267203941428797,0.06644132239267302,0
-0.07968091574350292,0.028656802479751248,-0.2111026219048386,-0.062103655565510014,0
0.007162630305740347,0.022319851527214562,0.03262416650743508,-0.008634673857906576,0
0.022497921561778385,0.024208249651813042,0.07300954996413926,-0.008545385520031035,0
-0.003765241487582676,0.018073217682562346,0.001669752469010491,-0.024374679253402497,1
-0.02134275468612946,0.03632185971570339,0.04218529655543214,-0.016611668529975174,0
-0.02134275468612946,0.03632185971570339,0.04218529655543214,-0.016611668529975174,1
-0.02134275468612946,0.03632185971570339,0.04218529655543214,-0.016611668529975174,1
-0.02134275468612946,0.03632185971570339,0.04218529655543214,-0.016611668529975174,0
0.005067680557383726,0.026171761597890728,0.06858233069024934,-0.010056081977927112,0
0.005067680557383726,0.026171761597890728,0.06858233069024934,-0.010056081977927112,0
0.005067680557383726,0.026171761597890728,0.06858233069024934,-0.010056081977927112,0
0.005067680557383726,0.026171761597890728,0.06858233069024934,-0.010056081977927112,0
0.005067680557383726,0.026171761597890728,0.06858233069024934,-0.010056081977927112,0
-0.021782042056860185,-0.1556212319801299,-0.14454913016159004,-0.04520122238332158,0
-0.051523770875673204,0.06029813484528191,-0.15267203941428797,0.06644132239267302,0
-0.03233324865867806,0.05809639396585173,-0.10312675539473004,-0.01963664955716973,0
-0.030628315612593635,0.06018392829942717,-0.09724303408105467,-0.004750277154816915,0
-0.045975730655271246,-0.014270458891718319,-0.1286497843966979,-0.012080539543637846,0
-0.048850499863900686,-0.009878357950671329,-0.1326784493663504,-0.0236007903618951,0
-0.05316293534456085,-0.10387917643560309,-0.16931467945848133,0.008157650425891581,0
-0.0394345557992665,-0.01652348999345997,-0.1744378247748078,-0.05448168487247064,0
0.009670740887580777,0.013975287513841217,-0.00918205056753047,-0.04303651914761017,1
-0.038021303960887175,0.007360252111205648,-0.11298034522109444,0.012341720154752555,1
-0.06096742072183649,-0.027370851345217335,-0.19709841761358257,-0.05578607350754095,0
-0.04668578562737276,-0.10536870038911263,-0.19055342899865513,-0.04369871421727377,0
-0.03233324865867806,0.05809639396585173,-0.10312675539473004,-0.01963664955716973,0
0.051456819010398946,-0.14637286249421744,0.0038298760716208293,-0.06269275546569304,0
-0.011167594230865325,0.041614304799686856,0.0353235692929122,-0.01069599759565125,1
-0.011167594230865325,0.041614304799686856,0.0353235692929122,-0.01069599759565125,1
-0.07970896536423919,-0.09868658335062827,-0.17169212861643712,0.004988296409569664,0
-0.01454978934148864,-0.16562610770896097,-0.0616737498770461,-0.05045081022071614,0
-0.06864408889976073,0.040654353615201096,-0.17370696168772284,0.025008532826963286,0
-0.06805827552033059,-0.12071321732834414,-0.1774983352572958,-0.0039572616229479616,0
0.007773885915108861,0.028261565157793246,0.02065798543972653,-0.028716217834781683,0
-0.048782611960987335,-0.093607842720553,-0.14802770413460503,0.08117483172528236,0
-0.07419551367026671,-0.0049124835111278705,-0.18963050449394342,0.009419793512473454,0
0.041411782267839765,0.025502418320174622,0.06628591936877355,-0.046991503137638446,0
-0.07084353191276231,-0.09343927000705234,-0.19132790207752576,-0.042443585920372624,0
-0.03652135328028208,-0.000395744751811315,-0.11556490449539923,-0.03144850565763735,0
0.00834485660168186,0.03104395267960618,0.06108957445045187,-0.005511605539497818,1
0.00834485660168186,0.03104395267960618,0.06108957445045187,-0.005511605539497818,1
-0.05727638627377646,-0.04077881236712689,-0.19666359825600202,-0.031452615963285656,0
-0.07067280161870258,-0.09667990547372997,-0.18986125676239515,-0.03764424174191135,0
-0.08077196875186576,0.03149496414166734,-0.20749665280733023,-0.04671063249821725,0
-0.048782611960987335,-0.093607842720553,-0.14802770413460503,0.08117483172528236,0
-0.048782611960987335,-0.093607842720553,-0.14802770413460503,0.08117483172528236,1
-0.1369103146746885,-0.1197197002137513,-0.18541352781780662,0.009396784830111657,0
-0.007865686623804807,0.026252067354217264,0.03451062872848639,-0.0056117052428522616,0
-0.024974219636671586,-0.0937344498736665,-0.1430046649711367,0.08604207935608155,0
-0.06805827552033059,-0.12071321732834414,-0.1774983352572958,-0.0039572616229479616,0
-0.07959985341318508,0.02687264763048472,-0.20933070342552987,-0.07192769668139469,0
0.03023374170195479,0.02250669957880673,0.06089135028920473,-0.04909105221635291,0
0.04189268483627343,0.02430538365371889,0.06390081574391511,-0.05068831565002792,0
-0.07552516645496585,0.025253470202791468,-0.2004754901074329,-0.0819606106393845,0
-0.07552516645496585,0.025253470202791468,-0.2004754901074329,-0.0819606106393845,0
-0.005704955935812389,-0.04857855241451262,0.003785622595331232,-0.0514253269346713,0
-0.04764819860644764,-0.008111693663056536,-0.13977420460084491,-0.03291186081911992,0
-0.07495002851346375,-0.0907516375336365,-0.18526798536675476,-0.06478423727322682,0
-0.05965790298352052,-0.036181347721043006,-0.19902400109737733,-0.03945317204812467,0
-0.02256414122863569,-0.09461043057638424,-0.14591313783003046,0.08169985299492395,0
-0.07084353191276231,-0.09343927000705234,-0.19132790207752576,-0.042443585920372624,0
-0.040691140548493855,-0.016256043136854886,-0.1777595907770204,-0.048805627737709134,0
-0.05498216399231939,-0.08964732243397204,-0.1893931745137433,-0.06236854271305985,0
-0.024974219636671586,-0.0937344498736665,-0.1430046649711367,0.08604207935608155,0
-0.05498216399231939,-0.08964732243397204,-0.1893931745137433,-0.06236854271305985,0
-0.03624936082100737,-0.10371575373854577,-0.17234362482133653,-0.05855330266537594,0
-0.015805784396878866,0.03780930419784153,0.0396326718774523,-0.035680531921912756,0
-0.048782611960987335,-0.093607842720553,-0.14802770413460503,0.08117483172528236,0
-0.048782611960987335,-0.093607842720553,-0.14802770413460503,0.08117483172528236,0
-0.048782611960987335,-0.093607842720553,-0.14802770413460503,0.08117483172528236,0
-0.048782611960987335,-0.093607842720553,-0.14802770413460503,0.08117483172528236,0
-0.04459242283687888,-0.01628100574288062,-0.18340525018815998,-0.05119499678184877,0
-0.0760556970295437,0.024839941970406138,-0.19984857412349813,-0.08164346781635609,0
-0.015412024831474991,0.04271327313277707,0.024836488099617096,-0.018076556370907656,0
-0.039351050719016366,0.04760104387348809,-0.11681825093378656,-0.04719870621857138,0
0.003507413427275613,0.025637438542110407,0.049660150757301624,-0.014664143694222509,0
0.013952073162195796,0.02767233127969082,0.06027818764135012,-0.05180206824032814,0
0.015278454921074413,0.02301940365944049,0.054547063392406385,-0.04867496508834804,0
-0.07084353191276231,-0.09343927000705234,-0.19132790207752576,-0.042443585920372624,0
0.007149844796215523,0.018626804667723602,-0.010940314451601804,-0.05228233982195716,0
-0.07604674509857226,0.02485906728273826,-0.20027891417727253,-0.0812412050058853,0
-0.038570203552089385,-0.10106456063900789,-0.17825935213131444,-0.062372120923214765,0
-0.013390021089713038,-0.1332007366238544,-0.18481315699246545,-0.051287698922209454,0
-0.07468808923208745,-0.09011561615026883,-0.19112294909192407,-0.06276640968353227,0
-0.05960568129381503,-0.03625400794873211,-0.1990516827829711,-0.039405051824547274,0
-0.043556050889301035,-0.10093268912774649,-0.17971351768115834,-0.034948010956250115,0
-0.0807186283593543,-0.10325232696307103,-0.19284180491353684,-0.031520385878070545,0
-0.011356082788009834,-0.12141947695795695,-0.1826211033509646,-0.04429420551709662,0
-0.07058070600564682,-0.0894857567603228,-0.19377155583100683,-0.04808580558501081,0
-0.023384277719609162,-0.152347867857363,-0.1789077745915449,-0.010785176010757307,0
-0.1369103146746885,-0.1197197002137513,-0.18541352781780662,0.009396784830111657,0
-0.07067280161870258,-0.09667990547372997,-0.18986125676239515,-0.03764424174191135,0
-0.03255020558986369,0.05726042970368302,-0.10158543668671356,-0.018707287361491947,0
0.010190658864408196,0.03717383841058555,0.07689488911368972,-0.004810965727867379,0
-0.07964939993770372,0.026760072693496093,-0.2099683639855127,-0.07048634056307022,0
-0.051523770875673204,0.06029813484528191,-0.15267203941428797,0.06644132239267302,1
-0.014633255742020169,-0.1459268333525301,-0.14005563252202424,-0.049087757830598,1
-0.07867827089250849,0.026952925524397126,-0.20910143782110982,-0.07251724860356955,0
-0.07867827089250849,0.026952925524397126,-0.20910143782110982,-0.07251724860356955,0
-0.060716046617326436,-0.026615582143247378,-0.20036490103476742,-0.053239580956768985,0
-0.07737029847244983,0.025207841939007953,-0.20124272358242817,-0.07930261688312193,0
-0.015263115357307398,-0.16575812579160623,-0.027634244490392344,-0.008797361761398188,0
-0.03356738979214219,0.00548090243717085,-0.11757996688790538,-0.05771802810695116,0
0.0070358355736003094,-0.15522786666469962,-0.07967922965193741,-0.044049718102778544,0
-0.007151089551606071,-0.06103008800452202,-0.026747649814788176,-0.03467385614987412,0
-0.048782611960987335,-0.093607842720553,-0.14802770413460503,0.08117483172528236,0
-0.051523770875673204,0.06029813484528191,-0.15267203941428797,0.06644132239267302,0
-0.06987662596151989,0.0325127047032649,-0.164331891064674,0.019142567798229156,0
-0.051523770875673204,0.06029813484528191,-0.15267203941428797,0.06644132239267302,0
-0.051523770875673204,0.06029813484528191,-0.15267203941428797,0.06644132239267302,0
-0.051523770875673204,0.06029813484528191,-0.15267203941428797,0.06644132239267302,0
-0.014451118833120972,0.03810301113478265,0.04325084629652853,-0.0357651867401385,1
0.014525016023862417,0.03401519537419896,0.06079576270043253,-0.0426431046733494,0
-0.034783586770514775,0.053677038613196316,-0.1107430848990983,-0.031856148387029506,0
0.01402481238175684,0.02767233127969082,0.061430062651430514,-0.04976021442900601,1
0.01402481238175684,0.02767233127969082,0.061430062651430514,-0.04976021442900601,1
-0.06950871446750077,0.030987279733291292,-0.1667461041951906,0.005603332708467403,0
-0.005114884264579066,-0.03690139629730396,-0.05453026931909817,-0.04410348421638372,0
-0.053991368467907364,-0.00028376979281717645,-0.18771422616722422,0.018979434279690045,0
-0.053991368467907364,-0.00028376979281717645,-0.18771422616722422,0.018979434279690045,0
-0.0783789057542823,0.03450428839510465,-0.20169546697406252,-0.03386670273692694,0
-0.0783789057542823,0.03450428839510465,-0.20169546697406252,-0.03386670273692694,0
-0.030628315612593635,0.06018392829942717,-0.09724303408105467,-0.004750277154816915,0
-0.07968091574350292,0.028656802479751248,-0.2111026219048386,-0.062103655565510014,0
-0.07968091574350292,0.028656802479751248,-0.2111026219048386,-0.062103655565510014,0
-0.051523770875673204,0.06029813484528191,-0.15267203941428797,0.06644132239267302,0
-0.051523770875673204,0.06029813484528191,-0.15267203941428797,0.06644132239267302,0
-0.051523770875673204,0.06029813484528191,-0.15267203941428797,0.06644132239267302,0
-0.06805827552033059,-0.12071321732834414,-0.1774983352572958,-0.0039572616229479616,0
-0.008232971989762314,-0.042055849302322465,-0.005753330996840703,-0.05010641832807763,0
0.005161333002115905,0.015895765914577267,-0.012448553934041762,-0.04312970866276063,0
0.005161333002115905,0.015895765914577267,-0.012448553934041762,-0.04312970866276063,0
0.005161333002115905,0.015895765914577267,-0.012448553934041762,-0.04312970866276063,0
-0.07737029847244983,0.025207841939007953,-0.20124272358242817,-0.07930261688312193,0
-0.03306188355495504,0.015402312207212896,-0.11865271407173576,-0.05553619610163267,0
-0.0682597469765742,-0.002676329127075689,-0.21472417771852578,-0.05585609390689971,0
0.005161333002115905,0.015895765914577267,-0.012448553934041762,-0.04312970866276063,0
0.005161333002115905,0.015895765914577267,-0.012448553934041762,-0.04312970866276063,0
0.005161333002115905,0.015895765914577267,-0.012448553934041762,-0.04312970866276063,0
0.005161333002115905,0.015895765914577267,-0.012448553934041762,-0.04312970866276063,0
0.005161333002115905,0.015895765914577267,-0.012448553934041762,-0.04312970866276063,0
-0.08078204437570174,0.031006253587205723,-0.20669213650724055,-0.04903366016011266,0
-0.03304364999478965,0.01720864514498506,-0.11654796217864444,-0.05126528560644457,0
-0.05265779959069325,-0.08762701900938649,-0.17874558863137535,-0.06494401906756414,0
-0.03349526844763918,0.006152398894126987,0.009493318951178562,-0.021266579888882524,0
-0.03349526844763918,0.006152398894126987,0.009493318951178562,-0.021266579888882524,0
-0.048782611960987335,-0.093607842720553,-0.14802770413460503,0.08117483172528236,0
-0.07067280161870258,-0.09667990547372997,-0.18986125676239515,-0.03764424174191135,1
-0.07067280161870258,-0.09667990547372997,-0.18986125676239515,-0.03764424174191135,0
-0.07464926138129152,-0.08983073655194432,-0.1917997981335488,-0.0624132680910279,0
-0.043246172161819474,0.04278652155731969,-0.11730749115916493,-0.06677055436227428,0
-0.07918929024116526,0.025303850597623773,-0.20440291557255358,-0.063675824338569,0
-0.08078204437570174,0.031006253587205723,-0.20669213650724055,-0.04903366016011266,0
-0.048782611960987335,-0.093607842720553,-0.14802770413460503,0.08117483172528236,0
-0.04508524278907894,-0.09630865443695462,-0.1816965016275687,-0.04195101822755117,0
-0.03717766078813059,-0.04975924783527515,-0.1314497067383975,-0.05675287889937502,0
-0.07552516645496585,0.025253470202791468,-0.2004754901074329,-0.0819606106393845,0
-0.03472926919912704,0.04188401036056053,-0.10042540682164851,-0.06565180404635129,0
-0.02677750179650649,0.03343589323132808,0.017035293521826117,-0.017761146046191875,0
-0.010949754797548667,0.03960979085121351,0.03351368410792948,-0.01606094632625751,0
-0.04377032998939423,-0.11052651120213458,-0.12960224698911282,-0.03177585276610342,1
-0.04670666165708967,-0.018954749859109624,-0.18705976541807742,-0.05451854637594683,0
-0.04141656707325121,-0.015762728992267407,-0.17894426764877766,-0.05031425946448302,0
-0.07835040959791037,0.02576176049102285,-0.20541351831946603,-0.07306589262602844,0
-0.048782611960987335,-0.093607842720553,-0.14802770413460503,0.08117483172528236,0
-0.048782611960987335,-0.093607842720553,-0.14802770413460503,0.08117483172528236,0
-0.048782611960987335,-0.093607842720553,-0.14802770413460503,0.08117483172528236,0
-0.06211825598973985,-0.02915526568376335,-0.20401266650488314,-0.05678899158502329,0
-0.07084353191276231,-0.09343927000705234,-0.19132790207752576,-0.042443585920372624,0
-0.044740820012677554,-0.11452289114864753,-0.13587735533265133,-0.045098758779517696,0
0.01026159092131189,0.01515132249281119,0.01958584587920968,-0.03541940988615312,0
-0.038410287030603556,0.03291235475203629,-0.09535172766157321,-0.018861836426920426,0
-0.08052127077995251,0.028135709706780462,-0.21161442131456026,-0.061496896169266596,0
-0.048782611960987335,-0.093607842720553,-0.14802770413460503,0.08117483172528236,0
-0.062013391054448884,-0.02918334853644041,-0.20311248134030255,-0.05684010511136731,0
-0.07879113588524714,0.025494097635482535,-0.2050226856645117,-0.0734695203505597,0
-0.03517709261245911,0.05249888295165503,-0.11305209076207676,-0.035884913471643326,0
-0.048782611960987335,-0.093607842720553,-0.14802770413460503,0.08117483172528236,0
-0.048782611960987335,-0.093607842720553,-0.14802770413460503,0.08117483172528236,0
-0.0783789057542823,0.03450428839510465,-0.20169546697406252,-0.03386670273692694,0
-0.08077196875186576,0.03149496414166734,-0.20749665280733023,-0.04671063249821725,0
-0.08077196875186576,0.03149496414166734,-0.20749665280733023,-0.04671063249821725,0
-0.07959985341318508,0.02687264763048472,-0.20933070342552987,-0.07192769668139469,0
-0.06925405311458573,-0.00310002159940346,-0.2136150171965521,-0.05713801866229256,0
-0.01899727768274565,-0.1416570942639846,-0.18726788193144994,-0.019286291034385897,0
-0.06798866382637891,-0.00854580092278038,-0.21706118942598246,-0.044551587687259184,0
-0.07968091574350292,0.028656802479751248,-0.2111026219048386,-0.062103655565510014,0
-0.07924365401723994,0.026684264676380274,-0.20793356987417141,-0.07349264667459383,0
-0.06817282027025073,-0.0032154454206255677,-0.21730710432712513,-0.05914208304509528,0
-0.051523770875673204,0.06029813484528191,-0.15267203941428797,0.06644132239267302,0
-0.07084353191276231,-0.09343927000705234,-0.19132790207752576,-0.042443585920372624,0
-0.026891664500967933,-0.10187951061159112,-0.14663354020753344,0.07515146164391559,0
-0.07084353191276231,-0.09343927000705234,-0.19132790207752576,-0.042443585920372624,0
-0.07084353191276231,-0.09343927000705234,-0.19132790207752576,-0.042443585920372624,0
-0.07084353191276231,-0.09343927000705234,-0.19132790207752576,-0.042443585920372624,0
-0.03451933673132968,0.04143293991785962,-0.09541569037026551,-0.05122774843132097,0
-0.08126685925633416,0.030533971752654245,-0.20556498415722876,-0.05348800848929563,1
-0.06214011438899186,-0.029068670241821547,-0.2041349129317523,-0.05673148220084391,0
-0.024974219636671586,-0.0937344498736665,-0.1430046649711367,0.08604207935608155,0
-0.07396930438265614,-0.09010389997009892,-0.1927340746713236,-0.06188578513373396,0
-0.018525241730637812,-0.13947995808287847,-0.03404662893648734,-0.05813001277455925,0
-0.07450592993382994,-0.09052299408877001,-0.18854550081710403,-0.06272026471830551,0
-0.04188873258440815,-0.044197222340253736,-0.14691418832127093,-0.0508040256032283,0
-0.030397949082377154,0.01545020738884279,-0.11570264656836153,-0.06061954078673296,0
-0.04068234083485896,0.046219299046208605,-0.11763615388495803,-0.05576973307376698,0
-0.048782611960987335,-0.093607842720553,-0.14802770413460503,0.08117483172528236,0
-0.03488115577370777,0.04157135456691185,-0.1006617149258372,-0.0649509535739332,0
-0.04686847396893277,-0.03099468845981362,-0.1890361479420311,-0.04900179363268441,0
-0.010041498207631406,0.04143422485488838,0.021081668014795746,-0.04421387338579427,0
-0.010041498207631406,0.04143422485488838,0.021081668014795746,-0.04421387338579427,0
0.008172029958499437,0.02128652073842436,0.0552148397885192,-0.04828620562351819,0
0.005067228196821434,0.028279146787025932,0.0684867291031735,-0.01883908931863756,0
-0.051523770875673204,0.06029813484528191,-0.15267203941428797,0.06644132239267302,1
-0.048782611960987335,-0.093607842720553,-0.14802770413460503,0.08117483172528236,0
-0.048782611960987335,-0.093607842720553,-0.14802770413460503,0.08117483172528236,1
-0.051523770875673204,0.06029813484528191,-0.15267203941428797,0.06644132239267302,0
-0.051523770875673204,0.06029813484528191,-0.15267203941428797,0.06644132239267302,0
-0.07058070600564682,-0.0894857567603228,-0.19377155583100683,-0.04808580558501081,0
-0.0077803201137988404,0.04298547373481734,0.03998361819849481,0.0007106812617806928,0
-0.07337984558855194,-0.08915464745126399,-0.18206653556502955,-0.06993918964368842,0
-0.07432789460748207,-0.09010770885861201,-0.19252215324964458,-0.061735307442073985,0
-0.04033201192757256,0.0463895957512977,-0.11882051421741135,-0.05605138519349108,0
-0.04033201192757256,0.0463895957512977,-0.11882051421741135,-0.05605138519349108,0
-0.07877969911632149,0.024670769398993108,-0.2033653527973355,-0.0733705867501821,0
-0.012085213755713758,0.04092768409287494,0.02537940137907739,-0.03477991838760419,0
0.006100460251026553,0.020988926680175816,0.004859788487337279,-0.011111387967264047,0
-0.058823824379153476,-0.02762927933104995,-0.19217439336289893,-0.06172163469506288,0
-0.04391555370749727,-0.12456482074509867,-0.17290645393340942,0.001244315496368988,1
-0.001377683386850262,0.015582369850625284,0.040108275901391696,-0.04343790325200941,0
-0.07964939993770372,0.026760072693496093,-0.2099683639855127,-0.07048634056307022,0
0.004928918307734084,0.029782517148961463,0.05536263770769773,-0.04501020086645407,0
0.009534642026366256,0.030244182619102816,0.06998644754659794,-0.006407703708107071,0
0.007926146172593017,0.03397134462523778,0.07368561080228395,-0.0029513102928628568,0
0.007926146172593017,0.03397134462523778,0.07368561080228395,-0.0029513102928628568,0
0.007926146172593017,0.03397134462523778,0.07368561080228395,-0.0029513102928628568,0
0.007926146172593017,0.03397134462523778,0.07368561080228395,-0.0029513102928628568,0
0.007926146172593017,0.03397134462523778,0.07368561080228395,-0.0029513102928628568,0
0.007926146172593017,0.03397134462523778,0.07368561080228395,-0.0029513102928628568,0
-0.02203148644033001,0.02020986843012906,0.02410065592292706,-0.01767124446064264,0
0.0185717924783561,0.027846625663509,0.0686633373263715,-0.029931914784291785,1
0.005353732326061763,0.028233539683724485,0.0681129518892585,-0.01870620913066147,1
0.005353732326061763,0.028233539683724485,0.0681129518892585,-0.01870620913066147,1
0.015465804021279955,0.03403313613120777,0.05389695614298427,-0.05554490963640672,0
-0.07419395972828197,-0.09139012090953721,-0.19573587327528286,-0.055653112395641004,0
-0.07419395972828197,-0.09139012090953721,-0.19573587327528286,-0.055653112395641004,0
-0.07419395972828197,-0.09139012090953721,-0.19573587327528286,-0.055653112395641004,0
0.006503272926200524,0.029751889144641414,0.05564638341508354,-0.046837673187986255,1
-0.051523770875673204,0.06029813484528191,-0.15267203941428797,0.06644132239267302,0
-0.08077196875186576,0.03149496414166734,-0.20749665280733023,-0.04671063249821725,0
0.005229564740813609,0.01280663547847104,-0.01693082705244569,-0.03582371410444444,0
-0.045123074051895556,-0.1195201928580008,-0.1668505745375797,-0.006997919037128533,0
-0.051523770875673204,0.06029813484528191,-0.15267203941428797,0.06644132239267302,0
-0.02511868488307356,0.06421350939100076,-0.08345426959951878,0.017205061407381414,0
-0.08077196875186576,0.03149496414166734,-0.20749665280733023,-0.04671063249821725,0
-0.07926043238588663,0.026512959785310198,-0.2079958158068577,-0.0732423174821908,0
-0.04033646509458373,0.04675029709766588,-0.11816523413821552,-0.055163895219224796,0
-0.04800066017065483,-0.003580795892377077,-0.1458415081732534,-0.035976441675740184,0
-0.032395019103025786,0.05799719242323009,-0.10358090561958504,-0.020721612333981402,0
-0.032395019103025786,0.05799719242323009,-0.10358090561958504,-0.020721612333981402,0
-0.03988283426846322,-0.04153541220469722,-0.14177113147724707,-0.048704624132093026,0
-0.019744545131524693,0.02685045880403221,0.02496170944508848,-0.01820002693536536,0
-0.07414172471601506,-0.08963596226697633,-0.18305945974961244,-0.0677030715159302,0
-0.08077196875186576,0.03149496414166734,-0.20749665280733023,-0.04671063249821725,0
-0.04746531703928516,-0.03174897825880476,-0.18816716794326988,-0.048587651617186416,0
-0.01485702755779096,0.040738414057089424,0.008924019124332853,-0.004481915971179358,0
-0.046110328905455064,0.02798034133265154,-0.10769252467856774,-0.004412181891964507,0
-0.04690851198027186,0.03186413766411992,-0.10167700378290334,-0.015165195402475348,0
-0.07838071670154123,0.025175601695776064,-0.20299355602071859,-0.07650912597250834,0
-0.033850349235268994,0.04161580818046169,-0.0975556840479947,-0.07066600238613366,0
-0.033850349235268994,0.04161580818046169,-0.0975556840479947,-0.07066600238613366,0
-0.0784997359209535,0.03443801433517854,-0.20120721031795255,-0.034167855166439665,0
-0.07170250485675538,-0.09114101251665878,-0.1914748501277116,-0.04604171673074428,0
0.0735945253905186,-0.00564566651010306,0.1467003612620616,0.020818666949863646,1
0.10928178622469636,0.012603900197608209,0.1591445651737753,0.009873240351866241,1
0.07576184455202,-0.004567356803186103,0.13720728162207396,0.04495479588710941,0
0.07576184455202,-0.004567356803186103,0.13720728162207396,0.04495479588710941,1
0.09203749288743793,-0.01151018252797981,0.12578087882080438,0.022316833741733932,0
0.09650505519245933,-0.031127013273971365,0.13312498905390255,-0.0033817578644367696,0
-0.06886244119058978,-0.0034238691154114625,-0.2189530230837128,-0.05752397339423312,0
-0.04256736236765134,-0.06029078544734865,-0.14474228427796493,-0.044410997656449853,0
-0.047215112575496196,-0.09627968882985045,-0.1892132754723567,-0.049197125921062804,0
-0.048782611960987335,-0.093607842720553,-0.14802770413460503,0.08117483172528236,0
-0.048782611960987335,-0.093607842720553,-0.14802770413460503,0.08117483172528236,0
-0.07887958316594625,0.026577195860669988,-0.20885292068024336,-0.07283029790410528,0
-0.048782611960987335,-0.093607842720553,-0.14802770413460503,0.08117483172528236,0
-0.07838701701638495,0.028739572577872227,-0.21071553612447105,-0.0618011780631088,0
-0.07838701701638495,0.028739572577872227,-0.21071553612447105,-0.0618011780631088,0
-0.05551759261003764,-0.09406725907309785,-0.19019005116749735,-0.04605879131116433,0
-0.045291343181306835,-0.09607264531243562,-0.18256981241904818,-0.05953110356852244,0
-0.0783789057542823,0.03450428839510465,-0.20169546697406252,-0.03386670273692694,0
0.005755667790669447,0.02725560387865013,0.06436612862007808,-0.016491767233067403,0
-0.05551759261003764,-0.09406725907309785,-0.19019005116749735,-0.04605879131116433,0
-0.06805827552033059,-0.12071321732834414,-0.1774983352572958,-0.0039572616229479616,0
-0.04068234083485896,0.046219299046208605,-0.11763615388495803,-0.05576973307376698,0
-0.06805827552033059,-0.12071321732834414,-0.1774983352572958,-0.0039572616229479616,0
-0.025425815194451085,0.03514254627830428,0.032139094623158025,-0.04306355313436561,0
-0.03425942066876486,0.04494553981005462,-0.09841441098289205,-0.057288895941288574,0
0.04043696481768221,0.023322515616317804,0.06548365927700098,-0.04874668375173642,0
0.013970083368294693,0.027561895636642672,0.05985598457702604,-0.051287439739054835,0
0.013970083368294693,0.027561895636642672,0.05985598457702604,-0.051287439739054835,0
-0.02511868488307356,0.06421350939100076,-0.08345426959951878,0.017205061407381414,0
-0.048782611960987335,-0.093607842720553,-0.14802770413460503,0.08117483172528236,0
-0.048782611960987335,-0.093607842720553,-0.14802770413460503,0.08117483172528236,0
-0.04980189951198839,0.042242831835050836,-0.11209866695836943,-0.00032059492609142924,1
-0.06805827552033059,-0.12071321732834414,-0.1774983352572958,-0.0039572616229479616,1
-0.0783789057542823,0.03450428839510465,-0.20169546697406252,-0.03386670273692694,0
-0.0783789057542823,0.03450428839510465,-0.20169546697406252,-0.03386670273692694,0
-0.051237256146539886,0.03525796889491367,-0.10622268185933754,0.003440774067806371,0
-0.048782611960987335,-0.093607842720553,-0.14802770413460503,0.08117483172528236,0
-0.048782611960987335,-0.093607842720553,-0.14802770413460503,0.08117483172528236,0
-0.023119758304170505,-0.08577290626182031,-0.1402157508291981,0.10275998853109011,0
-0.06805827552033059,-0.12071321732834414,-0.1774983352572958,-0.0039572616229479616,0
-0.023119758304170505,-0.08577290626182031,-0.1402157508291981,0.10275998853109011,0
-0.06805827552033059,-0.12071321732834414,-0.1774983352572958,-0.0039572616229479616,0
-0.07959985341318508,0.02687264763048472,-0.20933070342552987,-0.07192769668139469,0
0.1011994375055884,0.009577407823167253,0.19940230080350152,0.024222499344361676,0
0.1011994375055884,0.009577407823167253,0.19940230080350152,0.024222499344361676,0
-0.02084587441069768,-0.09632675953820174,-0.11039764834781861,0.031023183878610035,0
-0.04225875818683644,-0.11091231858000387,-0.19006684064877,-0.04298244007753,0
-0.0783789057542823,0.03450428839510465,-0.20169546697406252,-0.03386670273692694,0
-0.051523770875673204,0.06029813484528191,-0.15267203941428797,0.06644132239267302,0
-0.07067280161870258,-0.09667990547372997,-0.18986125676239515,-0.03764424174191135,0
-0.03678881448829087,-0.016866191998605173,-0.131601985675192,-0.05106584744222022,0
-0.048782611960987335,-0.093607842720553,-0.14802770413460503,0.08117483172528236,0
-0.07805267425871436,-0.0897712820727346,-0.18722292226690412,-0.05864889446131539,0
-0.07805267425871436,-0.0897712820727346,-0.18722292226690412,-0.05864889446131539,0
-0.07805267425871436,-0.0897712820727346,-0.18722292226690412,-0.05864889446131539,0
-0.07805267425871436,-0.0897712820727346,-0.18722292226690412,-0.05864889446131539,0
-0.07924365401723994,0.026684264676380274,-0.20793356987417141,-0.07349264667459383,0
-0.051523770875673204,0.06029813484528191,-0.15267203941428797,0.06644132239267302,0
-0.07432789460748207,-0.09010770885861201,-0.19252215324964458,-0.061735307442073985,0
-0.04764819860644764,-0.008111693663056536,-0.13977420460084491,-0.03291186081911992,0
-0.03831975590730219,0.0032992833744279505,-0.12410081444878383,-0.04974417472487553,0
-0.03255020558986369,0.05726042970368302,-0.10158543668671356,-0.018707287361491947,0
-0.048782611960987335,-0.093607842720553,-0.14802770413460503,0.08117483172528236,0
-0.07396930438265614,-0.09010389997009892,-0.1927340746713236,-0.06188578513373396,0
-0.06805827552033059,-0.12071321732834414,-0.1774983352572958,-0.0039572616229479616,0
-0.04391555370749727,-0.12456482074509867,-0.17290645393340942,0.001244315496368988,0
-0.06805827552033059,-0.12071321732834414,-0.1774983352572958,-0.0039572616229479616,0
-0.04708321796275245,-0.10389568288702779,-0.19005659910233463,-0.045936956811969076,0
-0.05417054902910944,-0.0979294490775836,-0.1877382446701833,-0.04027375038887363,0
-0.044582550315927845,-0.11506695679542488,-0.13693116480780346,-0.05110551623804201,0
-0.04101455683070668,0.027365948729572872,-0.11870746651761759,-0.05795305505011361,0
-0.036458650144168284,0.04393162268068448,-0.0993318538263459,-0.06245167106367145,0
-0.0846431766291116,0.029948445151447435,-0.18991143967311336,0.017671806240334136,0
-0.09731072245678182,-0.09923418928902927,-0.20017575890417158,0.01013082749584064,0
-0.09731072245678182,-0.09923418928902927,-0.20017575890417158,0.01013082749584064,0
-0.056255017240205075,-0.0920298546210765,-0.18995924629132702,-0.04953537380771041,0
-0.07396930438265614,-0.09010389997009892,-0.1927340746713236,-0.06188578513373396,0
-0.03528633805038106,-0.10372199306839222,-0.17014867321145447,-0.05918041228065737,0
-0.0728505706179604,-0.005253926512552815,-0.18600642276801496,0.004792211735663474,0
-0.016728078488077246,-0.15444613193411805,-0.1534845442574147,-0.037506368715798995,0
-0.07432789460748207,-0.09010770885861201,-0.19252215324964458,-0.061735307442073985,0
-0.048782611960987335,-0.093607842720553,-0.14802770413460503,0.08117483172528236,0
-0.04439086165923689,-0.0604167526839064,-0.1474973985513856,-0.046299428014623986,0
-0.03233324865867806,0.05809639396585173,-0.10312675539473004,-0.01963664955716973,0
-0.04668578562737276,-0.10536870038911263,-0.19055342899865513,-0.04369871421727377,0
-0.09731072245678182,-0.09923418928902927,-0.20017575890417158,0.01013082749584064,0
-0.03197635075818001,0.05837550386164133,-0.10131478618174412,-0.016534617519864528,0
-0.03197635075818001,0.05837550386164133,-0.10131478618174412,-0.016534617519864528,0
-0.09731072245678182,-0.09923418928902927,-0.20017575890417158,0.01013082749584064,0
-0.08119926186880704,0.02884227964928706,-0.2080297995798085,-0.061116092956985314,0
-0.046704976753546894,-0.09502027316956141,-0.17443341082406225,0.0026527706646979486,0
-0.02242763789730648,-0.1318642004806943,-0.19688359437146843,-0.04542851301310055,0
-0.06805827552033059,-0.12071321732834414,-0.1774983352572958,-0.0039572616229479616,0
-0.055733524299477574,-0.08967840403163678,-0.1882262858775413,-0.0627529894444389,0
-0.0747209704089619,-0.09088501955232804,-0.18533906569520164,-0.06389028029643404,0
-0.0747209704089619,-0.09088501955232804,-0.18533906569520164,-0.06389028029643404,0
-0.02433069150989737,-0.14807557083611886,-0.14552738250196132,-0.04726051183249007,0
-0.06854608303487629,0.038692832821965666,-0.16647595999541281,0.013775965683623478,0
-0.0760556970295437,0.02485906728273826,-0.19982944881116596,-0.08168171844102035,0
-0.0768634108507172,-0.08881996516696744,-0.1865494231847681,-0.06140830261610788,0
-0.07432789460748207,-0.09010770885861201,-0.19252215324964458,-0.061735307442073985,0
-0.0747209704089619,-0.09088501955232804,-0.18533906569520164,-0.06389028029643404,0
-0.0773881318091083,-0.08884075652680694,-0.18613696985488468,-0.06127524362776066,0
-0.07380217436190002,-0.08916376920384907,-0.1816600769967891,-0.06968977419163902,0
-0.009198404099226723,-0.040588172967928896,-0.0055530343190086096,-0.03976349596696903,0
-0.04641765575144365,-0.11965511322050343,-0.145981692647998,-0.052422319849646126,0
-0.03962687745794272,-0.10896129739014543,-0.19339294998443246,-0.05819733849213646,0
-0.07380217436190002,-0.08916376920384907,-0.1816600769967891,-0.06968977419163902,0
-0.0783789057542823,0.03450428839510465,-0.20169546697406252,-0.03386670273692694,0
-0.08155826714674547,0.030420049043096795,-0.2065332398682673,-0.05381450716692429,0
-0.040990237772977355,-0.1154387341001805,-0.1881453989772264,-0.036066611980611264,0
-0.03712698976665716,-0.10425660970107413,-0.17955421153443044,-0.05916166585832613,0
-0.07396930438265614,-0.09010389997009892,-0.1927340746713236,-0.06188578513373396,0
-0.07396930438265614,-0.09010389997009892,-0.1927340746713236,-0.06188578513373396,0
-0.039204334747802466,-0.12137463617715352,-0.17726317247039572,-0.0119766726929862,0
-0.048335490116395735,-0.12948294647589575,-0.14586384151908569,-0.04197352132969056,0
-0.04730058788639747,-0.10378923651420216,-0.19045073154354564,-0.046816271673333514,0
-0.051523770875673204,0.06029813484528191,-0.15267203941428797,0.06644132239267302,0
-0.051523770875673204,0.06029813484528191,-0.15267203941428797,0.06644132239267302,0
-0.051523770875673204,0.06029813484528191,-0.15267203941428797,0.06644132239267302,0
-0.04344971148330306,-0.08534328942567644,-0.17113694649825942,-0.05312801698239279,0
-0.06171271736404944,-0.03304642218575834,-0.20636722350368397,-0.05077218505734988,0
-0.01932727159149552,-0.1345761748779334,-0.05825390642185664,-0.045992072743601856,0
-0.027569362520545444,0.033513658225118835,0.0187430778905519,-0.014639542705960492,0
-0.03912959952006398,-0.026066360616501808,-0.1410129626541833,-0.040850811391967716,0
-0.042251896831234426,-0.06408999933553161,-0.14525143824786288,-0.04161199642947524,0
-0.03748302422877216,-0.10629158326155007,-0.1831137339439152,-0.05201338304501491,0
-0.07170250485675538,-0.09114101251665878,-0.1914748501277116,-0.04604171673074428,0
-0.06817282027025073,-0.0032154454206255677,-0.21730710432712513,-0.05914208304509528,0
-0.04453890144794534,-0.09494197822003422,-0.18046654188633135,-0.06230381248845436,0
-0.017124075945333037,-0.1555747191646074,-0.15505221656045035,-0.039385900832396424,0
-0.07084353191276231,-0.09343927000705234,-0.19132790207752576,-0.042443585920372624,0
-0.1369103146746885,-0.1197197002137513,-0.18541352781780662,0.009396784830111657,0
-0.03962687745794272,-0.10896129739014543,-0.19339294998443246,-0.05819733849213646,0
-0.021383115019024027,0.06054751687874999,-0.06803062403256152,-0.005236109335576403,0
-0.07084353191276231,-0.09343927000705234,-0.19132790207752576,-0.042443585920372624,0
-0.04603653637982218,-0.0890163636572737,-0.18444547868969222,-0.04757721669077912,0
-0.07084353191276231,-0.09343927000705234,-0.19132790207752576,-0.042443585920372624,0
-0.019385760168483434,-0.15043455890633314,-0.1481283348577891,-0.04605015883512859,0
-0.05404701050484896,-0.0978501723798708,-0.18825521495945596,-0.039959595321574205,0
-0.040040765802750546,-0.10850984960698687,-0.19352461566035217,-0.05810323225456747,0
-0.056255017240205075,-0.0920298546210765,-0.18995924629132702,-0.04953537380771041,0
-0.040040765802750546,-0.10850984960698687,-0.19352461566035217,-0.05810323225456747,0
-0.07838701701638495,0.028739572577872227,-0.21071553612447105,-0.0618011780631088,0
-0.07067280161870258,-0.09667990547372997,-0.18986125676239515,-0.03764424174191135,0
-0.07939571917354914,0.024835603822653603,-0.2029205173015434,-0.07336423661240705,0
-0.023119758304170505,-0.08577290626182031,-0.1402157508291981,0.10275998853109011,0
-0.03678448132475266,0.05279075265148406,-0.11161822491390079,-0.033365644253758084,0
-0.07432789460748207,-0.09010770885861201,-0.19252215324964458,-0.061735307442073985,0
-0.062346368114549466,-0.029011854190909195,-0.20488815963569512,-0.05582879782225581,0
-0.07968091574350292,0.028656802479751248,-0.2111026219048386,-0.062103655565510014,0
-0.07968091574350292,0.028656802479751248,-0.2111026219048386,-0.062103655565510014,0
-0.07432789460748207,-0.09010770885861201,-0.19252215324964458,-0.061735307442073985,0
-0.07084353191276231,-0.09343927000705234,-0.19132790207752576,-0.042443585920372624,0
-0.042486073450034474,-0.11600722766443328,-0.18690220495136445,-0.05030666435287368,0
-0.04270398180939459,-0.08028455946770657,-0.16984880173876227,-0.046368523729171565,0
-0.07432789460748207,-0.09010770885861201,-0.19252215324964458,-0.061735307442073985,0
-0.1369103146746885,-0.1197197002137513,-0.18541352781780662,0.009396784830111657,0
-0.07058070600564682,-0.0894857567603228,-0.19377155583100683,-0.04808580558501081,0
-0.06805827552033059,-0.12071321732834414,-0.1774983352572958,-0.0039572616229479616,0
-0.07067280161870258,-0.09667990547372997,-0.18986125676239515,-0.03764424174191135,0
-0.07419395972828197,-0.09139012090953721,-0.19573587327528286,-0.055653112395641004,0
-0.1369103146746885,-0.1197197002137513,-0.18541352781780662,0.009396784830111657,0
-0.1369103146746885,-0.1197197002137513,-0.18541352781780662,0.009396784830111657,0
-0.021383115019024027,0.06054751687874999,-0.06803062403256152,-0.005236109335576403,0
-0.021383115019024027,0.06054751687874999,-0.06803062403256152,-0.005236109335576403,0
-0.021383115019024027,0.06054751687874999,-0.06803062403256152,-0.005236109335576403,0
-0.021383115019024027,0.06054751687874999,-0.06803062403256152,-0.005236109335576403,0
-0.078014471385343,-0.08843763274939323,-0.18702068726643278,-0.06016831041739153,0
-0.06914764495263787,-0.003172118395950089,-0.21356279343382606,-0.05814310652457612,0
-0.02511868488307356,0.06421350939100076,-0.08345426959951878,0.017205061407381414,0
-0.02511868488307356,0.06421350939100076,-0.08345426959951878,0.017205061407381414,0
-0.02511868488307356,0.06421350939100076,-0.08345426959951878,0.017205061407381414,0
-0.07058070600564682,-0.0894857567603228,-0.19377155583100683,-0.04808580558501081,0
-0.02511868488307356,0.06421350939100076,-0.08345426959951878,0.017205061407381414,0
-0.07067280161870258,-0.09667990547372997,-0.18986125676239515,-0.03764424174191135,0
-0.04288067214731152,-0.10303316593551247,-0.1907228452614082,-0.05871147043977567,0
-0.07084353191276231,-0.09343927000705234,-0.19132790207752576,-0.042443585920372624,0
-0.028437721079453842,0.006107293208863563,-0.0013676813348602827,-0.05661180582112656,0
-0.0586470799239529,-0.02735352902634413,-0.1916841835419169,-0.06019652280028845,0
-0.06095920434199975,-0.02732256073937072,-0.1973120014664406,-0.05471044390621005,0
-0.037563101065364694,-0.10427978400708206,-0.1796966358236394,-0.058559955964401646,0
-0.04629488639273857,-0.03933211869151102,-0.18682605348773745,-0.03897669535094946,0
-0.07084353191276231,-0.09343927000705234,-0.19132790207752576,-0.042443585920372624,0
-0.07464926138129152,-0.08983073655194432,-0.1917997981335488,-0.0624132680910279,0
-0.07899188970781841,0.024839412214373947,-0.20310921081093983,-0.07358318096046172,0
-0.04676219536736703,-0.09725864516039792,-0.19078451840260724,-0.059565537624705504,0
-0.06711670465549881,-0.00831797652635305,-0.21457168702812016,-0.03850833496932187,0
-0.048782611960987335,-0.093607842720553,-0.14802770413460503,0.08117483172528236,0
-0.07170250485675538,-0.09114101251665878,-0.1914748501277116,-0.04604171673074428,0
-0.1369103146746885,-0.1197197002137513,-0.18541352781780662,0.009396784830111657,0
-0.054765786102177326,-0.08961720081487207,-0.18548318556152887,-0.061921265580169395,0
-0.03211450543530715,0.01685124596387036,-0.1150218021412404,-0.05243842467201143,0
0.007557148211851387,0.035455938637428186,0.023989844729383376,-0.029613790011685074,0
-0.07170250485675538,-0.09114101251665878,-0.1914748501277116,-0.04604171673074428,0
-0.08155826714674547,0.030420049043096795,-0.2065332398682673,-0.05381450716692429,0
-0.1369103146746885,-0.1197197002137513,-0.18541352781780662,0.009396784830111657,0
-0.07419395972828197,-0.09139012090953721,-0.19573587327528286,-0.055653112395641004,0
-0.06805827552033059,-0.12071321732834414,-0.1774983352572958,-0.0039572616229479616,0
-0.06249910520968027,-0.02886476875351486,-0.20389934065116025,-0.05681196514905434,0
-0.06805827552033059,-0.12071321732834414,-0.1774983352572958,-0.0039572616229479616,0
-0.1369103146746885,-0.1197197002137513,-0.18541352781780662,0.009396784830111657,0
-0.0747209704089619,-0.09088501955232804,-0.18533906569520164,-0.06389028029643404,0
-0.0747209704089619,-0.09088501955232804,-0.18533906569520164,-0.06389028029643404,0
-0.07396930438265614,-0.09010389997009892,-0.1927340746713236,-0.06188578513373396,0
-0.05551759261003764,-0.09406725907309785,-0.19019005116749735,-0.04605879131116433,0
-0.04673603060887954,-0.09739505146391923,-0.19138373888172777,-0.05885607560055111,0
-0.07964939993770372,0.026760072693496093,-0.2099683639855127,-0.07048634056307022,0
-0.06234191494753828,-0.028997194472770042,-0.204873499917556,-0.05586257042554532,0
-0.06805827552033059,-0.12071321732834414,-0.1774983352572958,-0.0039572616229479616,0
-0.1369103146746885,-0.1197197002137513,-0.18541352781780662,0.009396784830111657,0
-0.07058070600564682,-0.0894857567603228,-0.19377155583100683,-0.04808580558501081,0
-0.06812014410799308,-0.009139458209142451,-0.2158640403017797,-0.04382027076569366,0
-0.08077196875186576,0.03149496414166734,-0.20749665280733023,-0.04671063249821725,0
-0.07058070600564682,-0.0894857567603228,-0.19377155583100683,-0.04808580558501081,0
-0.04618718307769969,0.0036739758878783003,-0.13580790466129403,-0.05352026798272353,0
-0.08126685925633416,0.030533971752654245,-0.20556498415722876,-0.05348800848929563,0
-0.08152436759011816,-0.11267075870138624,-0.1863582067418595,-0.015238749222842579,0
-0.08152436759011816,-0.11267075870138624,-0.1863582067418595,-0.015238749222842579,0
-0.08152436759011816,-0.11267075870138624,-0.1863582067418595,-0.015238749222842579,0
-0.08152436759011816,-0.11267075870138624,-0.1863582067418595,-0.015238749222842579,0
-0.08152436759011816,-0.11267075870138624,-0.1863582067418595,-0.015238749222842579,0
-0.07067280161870258,-0.09667990547372997,-0.18986125676239515,-0.03764424174191135,0
-0.07495002851346375,-0.0907516375336365,-0.18526798536675476,-0.06478423727322682,0
